events_mod_tracks_mod_mean_playtime_cosine,events_mod_tracks_mod_mean_playtime_cosine,events_mod_tracks_mod_mean_playtime_cosine,events_mod_tracks_mod_mean_playtime_cosine,events_mod_tracks_mod_mean_playtime_manhattan,events_mod_tracks_mod_mean_playtime_manhattan,events_mod_tracks_mod_mean_playtime_manhattan,events_mod_tracks_mod_mean_playtime_manhattan,events_mod_tracks_mod_mean_playtime_euclidean,events_mod_tracks_mod_mean_playtime_euclidean,events_mod_tracks_mod_mean_playtime_euclidean,events_mod_tracks_mod_mean_playtime_euclidean,sessions_mod_tracks_mod_mean_playtime_cosine,sessions_mod_tracks_mod_mean_playtime_cosine,sessions_mod_tracks_mod_mean_playtime_cosine,sessions_mod_tracks_mod_mean_playtime_cosine,sessions_mod_tracks_mod_mean_playtime_manhattan,sessions_mod_tracks_mod_mean_playtime_manhattan,sessions_mod_tracks_mod_mean_playtime_manhattan,sessions_mod_tracks_mod_mean_playtime_manhattan,sessions_mod_tracks_mod_mean_playtime_euclidean,sessions_mod_tracks_mod_mean_playtime_euclidean,sessions_mod_tracks_mod_mean_playtime_euclidean,sessions_mod_tracks_mod_mean_playtime_euclidean,playlists_tracks_mod_sum_cosine,playlists_tracks_mod_sum_cosine,playlists_tracks_mod_sum_cosine,playlists_tracks_mod_sum_cosine,playlists_tracks_mod_sum_manhattan,playlists_tracks_mod_sum_manhattan,playlists_tracks_mod_sum_manhattan,playlists_tracks_mod_sum_manhattan,playlists_tracks_mod_sum_euclidean,playlists_tracks_mod_sum_euclidean,playlists_tracks_mod_sum_euclidean,playlists_tracks_mod_sum_euclidean,events_mod_tracks_mod_count_cosine,events_mod_tracks_mod_count_cosine,events_mod_tracks_mod_count_cosine,events_mod_tracks_mod_count_cosine,events_mod_tracks_mod_count_manhattan,events_mod_tracks_mod_count_manhattan,events_mod_tracks_mod_count_manhattan,events_mod_tracks_mod_count_manhattan,events_mod_tracks_mod_count_euclidean,events_mod_tracks_mod_count_euclidean,events_mod_tracks_mod_count_euclidean,events_mod_tracks_mod_count_euclidean,sessions_mod_tracks_mod_count_cosine,sessions_mod_tracks_mod_count_cosine,sessions_mod_tracks_mod_count_cosine,sessions_mod_tracks_mod_count_cosine,sessions_mod_tracks_mod_count_manhattan,sessions_mod_tracks_mod_count_manhattan,sessions_mod_tracks_mod_count_manhattan,sessions_mod_tracks_mod_count_manhattan,sessions_mod_tracks_mod_count_euclidean,sessions_mod_tracks_mod_count_euclidean,sessions_mod_tracks_mod_count_euclidean,sessions_mod_tracks_mod_count_euclidean,events_mod_tracks_mod_total_playtime_cosine,events_mod_tracks_mod_total_playtime_cosine,events_mod_tracks_mod_total_playtime_cosine,events_mod_tracks_mod_total_playtime_cosine,events_mod_tracks_mod_total_playtime_manhattan,events_mod_tracks_mod_total_playtime_manhattan,events_mod_tracks_mod_total_playtime_manhattan,events_mod_tracks_mod_total_playtime_manhattan,events_mod_tracks_mod_total_playtime_euclidean,events_mod_tracks_mod_total_playtime_euclidean,events_mod_tracks_mod_total_playtime_euclidean,events_mod_tracks_mod_total_playtime_euclidean,sessions_mod_tracks_mod_total_playtime_cosine,sessions_mod_tracks_mod_total_playtime_cosine,sessions_mod_tracks_mod_total_playtime_cosine,sessions_mod_tracks_mod_total_playtime_cosine,sessions_mod_tracks_mod_total_playtime_manhattan,sessions_mod_tracks_mod_total_playtime_manhattan,sessions_mod_tracks_mod_total_playtime_manhattan,sessions_mod_tracks_mod_total_playtime_manhattan,sessions_mod_tracks_mod_total_playtime_euclidean,sessions_mod_tracks_mod_total_playtime_euclidean,sessions_mod_tracks_mod_total_playtime_euclidean,sessions_mod_tracks_mod_total_playtime_euclidean
scores,user,num_train_artist,num_test_artists,scores,user,num_train_artist,num_test_artists,scores,user,num_train_artist,num_test_artists,scores,user,num_train_artist,num_test_artists,scores,user,num_train_artist,num_test_artists,scores,user,num_train_artist,num_test_artists,scores,user,num_train_artist,num_test_artists,scores,user,num_train_artist,num_test_artists,scores,user,num_train_artist,num_test_artists,scores,user,num_train_artist,num_test_artists,scores,user,num_train_artist,num_test_artists,scores,user,num_train_artist,num_test_artists,scores,user,num_train_artist,num_test_artists,scores,user,num_train_artist,num_test_artists,scores,user,num_train_artist,num_test_artists,scores,user,num_train_artist,num_test_artists,scores,user,num_train_artist,num_test_artists,scores,user,num_train_artist,num_test_artists,scores,user,num_train_artist,num_test_artists,scores,user,num_train_artist,num_test_artists,scores,user,num_train_artist,num_test_artists
0.18959557910423047,783.0,17.0,11.0,0.7250045157260159,783.0,17.0,11.0,0.7247340425531915,783.0,17.0,11.0,0.18635652750499201,783.0,17.0,11.0,0.7347301087215001,783.0,17.0,11.0,0.7255947011112887,783.0,17.0,11.0,0.02713383458646617,783.0,8.0,5.0,0.8723909774436089,783.0,8.0,5.0,0.7345323308270677,783.0,8.0,5.0,0.1899427255416989,783.0,17.0,11.0,0.5728513611150833,783.0,17.0,11.0,0.5052485907171725,783.0,17.0,11.0,0.18629277844812148,783.0,17.0,11.0,0.4466133103836729,783.0,17.0,11.0,0.35346167863848793,783.0,17.0,11.0,0.1900396254957891,783.0,17.0,11.0,0.7320989094521673,783.0,17.0,11.0,0.7267712935297171,783.0,17.0,11.0,0.18629277844812148,783.0,17.0,11.0,0.4466133103836729,783.0,17.0,11.0,0.35346167863848793,783.0,17.0,11.0
0.1645752269779507,7207.0,20.0,45.0,0.2727444784796387,7207.0,20.0,45.0,0.3173879598200734,7207.0,20.0,45.0,0.2732003951136721,7207.0,20.0,45.0,0.24682650624272426,7207.0,20.0,45.0,0.2756184415769485,7207.0,20.0,45.0,0.4568684210526316,7207.0,13.0,24.0,0.2706416040100251,7207.0,13.0,24.0,0.2655050125313283,7207.0,13.0,24.0,0.17697967546982368,7207.0,20.0,45.0,0.20938485985778807,7207.0,20.0,45.0,0.2209163516111525,7207.0,20.0,45.0,0.2732983021081785,7207.0,20.0,45.0,0.208222854773171,7207.0,20.0,45.0,0.1975814409346581,7207.0,20.0,45.0,0.1758261583464415,7207.0,20.0,45.0,0.2688049047474497,7207.0,20.0,45.0,0.2932019298874999,7207.0,20.0,45.0,0.2732983021081785,7207.0,20.0,45.0,0.208222854773171,7207.0,20.0,45.0,0.1975814409346581,7207.0,20.0,45.0
0.07223590529017303,42332.0,6.0,10.0,0.022725908601705442,42332.0,6.0,10.0,0.04643078897259706,42332.0,6.0,10.0,0.39463874625736417,42332.0,6.0,10.0,0.016103137585982592,42332.0,6.0,10.0,0.024122181777919256,42332.0,6.0,10.0,0.3970556390977444,42332.0,5.0,10.0,0.1876872180451128,42332.0,5.0,10.0,0.19141654135338346,42332.0,5.0,10.0,0.07280559235036012,42332.0,6.0,10.0,0.008677249772332146,42332.0,6.0,10.0,0.014185776968292076,42332.0,6.0,10.0,0.3947439322012004,42332.0,6.0,10.0,0.007964605852582823,42332.0,6.0,10.0,0.01068098671796788,42332.0,6.0,10.0,0.07236836658663796,42332.0,6.0,10.0,0.012792346220713636,42332.0,6.0,10.0,0.02100184203990396,42332.0,6.0,10.0,0.3947439322012004,42332.0,6.0,10.0,0.007964605852582823,42332.0,6.0,10.0,0.010680986717967881,42332.0,6.0,10.0
0.2339149212131247,34056.0,1.0,3.0,0.3417587686618649,34056.0,1.0,3.0,0.35709012887380304,34056.0,1.0,3.0,0.4312054708993245,34056.0,1.0,3.0,0.33884790635375384,34056.0,1.0,3.0,0.3414006646398381,34056.0,1.0,3.0,0.3357593984962406,34056.0,1.0,2.0,0.5048120300751879,34056.0,1.0,2.0,0.5216541353383458,34056.0,1.0,2.0,0.23439267875376,34056.0,1.0,3.0,0.3420640505560615,34056.0,1.0,3.0,0.3614796340756685,34056.0,1.0,3.0,0.4312054708993245,34056.0,1.0,3.0,0.34061330786726274,34056.0,1.0,3.0,0.3532556126081654,34056.0,1.0,3.0,0.2344064768054751,34056.0,1.0,3.0,0.3482214311339239,34056.0,1.0,3.0,0.3797517040593868,34056.0,1.0,3.0,0.4312054708993245,34056.0,1.0,3.0,0.34061330786726274,34056.0,1.0,3.0,0.3532556126081654,34056.0,1.0,3.0
0.3052012002333842,29379.0,85.0,42.0,0.5766338864380921,29379.0,85.0,42.0,0.5855100991882803,29379.0,85.0,42.0,0.29358137268535456,29379.0,83.0,42.0,0.5860000540429035,29379.0,83.0,42.0,0.5944119637807097,29379.0,83.0,42.0,0.5570006835269994,29379.0,9.0,11.0,0.5456623376623377,29379.0,9.0,11.0,0.5440710868079289,29379.0,9.0,11.0,0.3043808321407874,29379.0,85.0,42.0,0.4210336268376048,29379.0,85.0,42.0,0.4022150554484564,29379.0,85.0,42.0,0.2934100171377517,29379.0,83.0,42.0,0.3064491857206347,29379.0,83.0,42.0,0.2766530922316841,29379.0,83.0,42.0,0.3047924329513244,29379.0,85.0,42.0,0.5443890715488116,29379.0,85.0,42.0,0.5466566335119195,29379.0,85.0,42.0,0.2934100171377517,29379.0,83.0,42.0,0.3064491857206347,29379.0,83.0,42.0,0.2766530922316841,29379.0,83.0,42.0
0.00177994867124762,131.0,61.0,3.0,0.33856969395921305,131.0,61.0,3.0,0.3462258879046279,131.0,61.0,3.0,0.0010918423994697645,131.0,61.0,3.0,0.33641509695099164,131.0,61.0,3.0,0.3366626837486179,131.0,61.0,3.0,0.001243107769423559,131.0,37.0,3.0,0.09164912280701756,131.0,37.0,3.0,0.09442606516290726,131.0,37.0,3.0,0.004241176145928195,131.0,61.0,3.0,0.06135821122057567,131.0,61.0,3.0,0.06838486905648923,131.0,61.0,3.0,0.002152928675010803,131.0,61.0,3.0,0.04267412195110699,131.0,61.0,3.0,0.04974956826091035,131.0,61.0,3.0,0.00383930788972597,131.0,61.0,3.0,0.3418191351381185,131.0,61.0,3.0,0.34892858128432264,131.0,61.0,3.0,0.002152928675010803,131.0,61.0,3.0,0.04267412195110699,131.0,61.0,3.0,0.04974956826091035,131.0,61.0,3.0
0.14157036253753694,5086.0,40.0,11.0,0.3869694962707629,5086.0,40.0,11.0,0.3841396413008301,5086.0,40.0,11.0,0.2259987946395431,5086.0,37.0,11.0,0.4013057652214504,5086.0,37.0,11.0,0.3798068151935812,5086.0,37.0,11.0,0.12596090225563908,5086.0,5.0,5.0,0.20889624060150366,5086.0,5.0,5.0,0.20199097744360905,5086.0,5.0,5.0,0.15086946541330182,5086.0,40.0,11.0,0.315494020426134,5086.0,40.0,11.0,0.3272965289119358,5086.0,40.0,11.0,0.2261497792479205,5086.0,37.0,11.0,0.3103975131157393,5086.0,37.0,11.0,0.2854070440191432,5086.0,37.0,11.0,0.15046257968374865,5086.0,40.0,11.0,0.44408637454936817,5086.0,40.0,11.0,0.4576655389895311,5086.0,40.0,11.0,0.2261497792479205,5086.0,37.0,11.0,0.3103975131157393,5086.0,37.0,11.0,0.2854070440191432,5086.0,37.0,11.0
0.04609275036701451,6680.0,249.0,101.0,0.8146221164462667,6680.0,249.0,101.0,0.8234541332268834,6680.0,249.0,101.0,0.09746534259743968,6680.0,245.0,102.0,0.7904115341254121,6680.0,245.0,102.0,0.7991447807445679,6680.0,245.0,102.0,0.1688944943002668,6680.0,54.0,31.0,0.4620780984719864,6680.0,54.0,31.0,0.4519514916323066,6680.0,54.0,31.0,0.04774098570549165,6680.0,249.0,101.0,0.455266443110906,6680.0,249.0,101.0,0.430073386509112,6680.0,249.0,101.0,0.09757117984742973,6680.0,245.0,102.0,0.28572728599187913,6680.0,245.0,102.0,0.30150581078163163,6680.0,245.0,102.0,0.047925927413504654,6680.0,249.0,101.0,0.8044622591864286,6680.0,249.0,101.0,0.813616361429172,6680.0,249.0,101.0,0.09757117984742973,6680.0,245.0,102.0,0.28572728599187913,6680.0,245.0,102.0,0.30150581078163163,6680.0,245.0,102.0
0.019017164776333584,1318.0,81.0,3.0,0.005957308827993487,1318.0,81.0,3.0,0.01999510169164114,1318.0,81.0,3.0,0.2466933322261129,1318.0,80.0,3.0,0.004779501658523983,1318.0,80.0,3.0,0.0060512673829767934,1318.0,80.0,3.0,0.4959298245614036,1318.0,34.0,3.0,0.035197994987468666,1318.0,34.0,3.0,0.03833583959899749,1318.0,34.0,3.0,0.07196028920716395,1318.0,81.0,3.0,0.005131150481552005,1318.0,81.0,3.0,0.014177498137263019,1318.0,81.0,3.0,0.2523386187732305,1318.0,80.0,3.0,0.004839476100184998,1318.0,80.0,3.0,0.009125341969652931,1318.0,80.0,3.0,0.07117724977233214,1318.0,81.0,3.0,0.007423351822722631,1318.0,81.0,3.0,0.020666031956287773,1318.0,81.0,3.0,0.2523386187732305,1318.0,80.0,3.0,0.004839476100184998,1318.0,80.0,3.0,0.009125341969652933,1318.0,80.0,3.0
0.7698743687391341,32409.0,1.0,2.0,0.07228713055716532,32409.0,1.0,2.0,0.07968374865468995,32409.0,1.0,2.0,0.6991220664424546,32409.0,1.0,2.0,0.06029276754367754,32409.0,1.0,2.0,0.04833939997877827,32409.0,1.0,2.0,,32409.0,0.0,0.0,,32409.0,0.0,0.0,,32409.0,0.0,0.0,0.7698743687391341,32409.0,1.0,2.0,0.09889063664210614,32409.0,1.0,2.0,0.1429184949085189,32409.0,1.0,2.0,0.6991220664424546,32409.0,1.0,2.0,0.0923629468672581,32409.0,1.0,2.0,0.10780405888567487,32409.0,1.0,2.0,0.7698743687391341,32409.0,1.0,2.0,0.09294540110936336,32409.0,1.0,2.0,0.1340368614951569,32409.0,1.0,2.0,0.6991220664424546,32409.0,1.0,2.0,0.0923629468672581,32409.0,1.0,2.0,0.10780405888567487,32409.0,1.0,2.0
0.03564450699561222,32686.0,15.0,10.0,0.4612224728868284,32686.0,15.0,10.0,0.5208854209785578,32686.0,15.0,10.0,0.21007109278046127,32686.0,15.0,10.0,0.4706683459510332,32686.0,15.0,10.0,0.5124322404144696,32686.0,15.0,10.0,0.28845112781954885,32686.0,11.0,7.0,0.3937099892588615,32686.0,11.0,7.0,0.3927604726100967,32686.0,11.0,7.0,0.035172096200016566,32686.0,15.0,10.0,0.38922924083119465,32686.0,15.0,10.0,0.4158736236443414,32686.0,15.0,10.0,0.2098538007649048,32686.0,15.0,10.0,0.33988069699528045,32686.0,15.0,10.0,0.3547718895178516,32686.0,15.0,10.0,0.03529006954218065,32686.0,15.0,10.0,0.5150188343405911,32686.0,15.0,10.0,0.5836446518751552,32686.0,15.0,10.0,0.2098538007649048,32686.0,15.0,10.0,0.33988069699528045,32686.0,15.0,10.0,0.3547718895178516,32686.0,15.0,10.0
0.3659110262202405,26516.0,6.0,14.0,0.2733237584710181,26516.0,6.0,14.0,0.2868396893072984,26516.0,6.0,14.0,0.4347402282851329,26516.0,6.0,14.0,0.27266457217462714,26516.0,6.0,14.0,0.29378084811769223,26516.0,6.0,14.0,0.05981954887218045,26516.0,3.0,6.0,0.3967518796992481,26516.0,3.0,6.0,0.4174035087719298,26516.0,3.0,6.0,0.3614253042470403,26516.0,6.0,14.0,0.3334325068300356,26516.0,6.0,14.0,0.3797218904119311,26516.0,6.0,14.0,0.4347408873449315,26516.0,6.0,14.0,0.3327757687438254,26516.0,6.0,14.0,0.3593019370426537,26516.0,6.0,14.0,0.36134916856882665,26516.0,6.0,14.0,0.32307435868626777,26516.0,6.0,14.0,0.3607267778789635,26516.0,6.0,14.0,0.4347408873449315,26516.0,6.0,14.0,0.3327757687438254,26516.0,6.0,14.0,0.3593019370426537,26516.0,6.0,14.0
0.29408779355355025,20385.0,19.0,12.0,0.6717227902420178,20385.0,19.0,12.0,0.6820842647018242,20385.0,19.0,12.0,0.3080421881751931,20385.0,19.0,12.0,0.6090954316391322,20385.0,19.0,12.0,0.6402221668611991,20385.0,19.0,12.0,0.08321136173767753,20385.0,15.0,9.0,0.4644812030075188,20385.0,15.0,9.0,0.4165446950710109,20385.0,15.0,9.0,0.2939317030935232,20385.0,19.0,12.0,0.4431602195270028,20385.0,19.0,12.0,0.34242624941358285,20385.0,19.0,12.0,0.30792377709806745,20385.0,19.0,12.0,0.2946994127118136,20385.0,19.0,12.0,0.2595774569914052,20385.0,19.0,12.0,0.2935505319148936,20385.0,19.0,12.0,0.6623849587438254,20385.0,19.0,12.0,0.6784790925021388,20385.0,19.0,12.0,0.30792377709806745,20385.0,19.0,12.0,0.2946994127118136,20385.0,19.0,12.0,0.2595774569914052,20385.0,19.0,12.0
0.3480663108494081,20640.0,19.0,16.0,0.4938164246833347,20640.0,19.0,16.0,0.4867949411168143,20640.0,19.0,16.0,0.4952485859193579,20640.0,19.0,17.0,0.4084066799044642,20640.0,19.0,17.0,0.4109711978849918,20640.0,19.0,17.0,0.4366917293233083,20640.0,6.0,5.0,0.6048240601503759,20640.0,6.0,5.0,0.6080180451127819,20640.0,6.0,5.0,0.3479657359880785,20640.0,19.0,16.0,0.4645277961751801,20640.0,19.0,16.0,0.4618999141071281,20640.0,19.0,16.0,0.4952456007661532,20640.0,19.0,17.0,0.4493426285576581,20640.0,19.0,17.0,0.4567916713140074,20640.0,19.0,17.0,0.3475375651957944,20640.0,19.0,16.0,0.5216756612716285,20640.0,19.0,16.0,0.5314116959185363,20640.0,19.0,16.0,0.4952456007661532,20640.0,19.0,17.0,0.4493426285576581,20640.0,19.0,17.0,0.45679167131400744,20640.0,19.0,17.0
0.9442006788641444,8480.0,6.0,1.0,0.3354271876810994,8480.0,6.0,1.0,0.24190226839970205,8480.0,6.0,1.0,0.5424595979867042,8480.0,6.0,1.0,0.20212770865338925,8480.0,6.0,1.0,0.1521920658427101,8480.0,6.0,1.0,0.6149172932330828,8480.0,1.0,2.0,0.7048571428571428,8480.0,1.0,2.0,0.6806917293233082,8480.0,1.0,2.0,0.9442006788641444,8480.0,6.0,1.0,0.7240355161851146,8480.0,6.0,1.0,0.7167242735325772,8480.0,6.0,1.0,0.5424595979867042,8480.0,6.0,1.0,0.4664765938207872,8480.0,6.0,1.0,0.4410474305565167,8480.0,6.0,1.0,0.9442006788641444,8480.0,6.0,1.0,0.5235998427022105,8480.0,6.0,1.0,0.4855430913155063,8480.0,6.0,1.0,0.5424595979867042,8480.0,6.0,1.0,0.4664765938207872,8480.0,6.0,1.0,0.4410474305565167,8480.0,6.0,1.0
0.30364756424964223,22221.0,8.0,7.0,0.08208830555982638,22221.0,8.0,7.0,0.13871550979858788,22221.0,8.0,7.0,0.6454311009000779,22221.0,8.0,7.0,0.07019052759714046,22221.0,8.0,7.0,0.1055477676656036,22221.0,8.0,7.0,0.4433483709273183,22221.0,2.0,6.0,0.2905563909774436,22221.0,2.0,6.0,0.2987769423558897,22221.0,2.0,6.0,0.3016857769682921,22221.0,8.0,7.0,0.07480367343559663,22221.0,8.0,7.0,0.10468877508781474,22221.0,8.0,7.0,0.6454311009000779,22221.0,8.0,7.0,0.06666521673511003,22221.0,8.0,7.0,0.08067221463205021,22221.0,8.0,7.0,0.3003426844700957,22221.0,8.0,7.0,0.096650917176209,22221.0,8.0,7.0,0.1311610764845718,22221.0,8.0,7.0,0.6454311009000779,22221.0,8.0,7.0,0.06666521673511003,22221.0,8.0,7.0,0.08067221463205021,22221.0,8.0,7.0
0.2279886580014901,12274.0,16.0,21.0,0.19293741795087105,12274.0,16.0,21.0,0.20997062000559807,12274.0,16.0,21.0,0.4016332380552552,12274.0,14.0,21.0,0.1942798442597759,12274.0,14.0,21.0,0.2009150386241995,12274.0,14.0,21.0,0.1713029632905794,12274.0,9.0,17.0,0.2753542680229987,12274.0,9.0,17.0,0.2451375497567448,12274.0,9.0,17.0,0.2224738724035024,12274.0,16.0,21.0,0.12306112734024813,12274.0,16.0,21.0,0.13919178897653936,12274.0,16.0,21.0,0.4017832840027074,12274.0,14.0,21.0,0.1547505359803811,12274.0,14.0,21.0,0.11848664931581905,12274.0,14.0,21.0,0.22286366736445384,12274.0,16.0,21.0,0.223587079504374,12274.0,16.0,21.0,0.2552858857757856,12274.0,16.0,21.0,0.4017832840027074,12274.0,14.0,21.0,0.1547505359803811,12274.0,14.0,21.0,0.11848664931581904,12274.0,14.0,21.0
0.3477967352186341,10318.0,37.0,17.0,0.4566539278183332,10318.0,37.0,17.0,0.4721514733884281,10318.0,37.0,17.0,0.4336488640270857,10318.0,37.0,17.0,0.38750490854169023,10318.0,37.0,17.0,0.4058313068213736,10318.0,37.0,17.0,0.3692907268170426,10318.0,17.0,12.0,0.3393984962406015,10318.0,17.0,12.0,0.34369423558897244,10318.0,17.0,12.0,0.3455313183307929,10318.0,37.0,17.0,0.3105976950760435,10318.0,37.0,17.0,0.3197351504555792,10318.0,37.0,17.0,0.4338320438828376,10318.0,37.0,17.0,0.2324318984787388,10318.0,37.0,17.0,0.24341916191552396,10318.0,37.0,17.0,0.3448193997360514,10318.0,37.0,17.0,0.44296585469190575,10318.0,37.0,17.0,0.4770944225028367,10318.0,37.0,17.0,0.4338320438828376,10318.0,37.0,17.0,0.2324318984787388,10318.0,37.0,17.0,0.24341916191552396,10318.0,37.0,17.0
0.16852652905409754,11911.0,108.0,90.0,0.3384292987830118,11911.0,108.0,90.0,0.3550949305957999,11911.0,108.0,90.0,0.357843924839789,11911.0,104.0,92.0,0.31621103140594736,11911.0,104.0,92.0,0.3270767353925628,11911.0,104.0,92.0,0.2805107212475634,11911.0,44.0,54.0,0.3659565580618212,11911.0,44.0,54.0,0.3675310498468393,11911.0,44.0,54.0,0.17024421401698078,11911.0,108.0,90.0,0.2357158544213557,11911.0,108.0,90.0,0.25535536882192233,11911.0,108.0,90.0,0.3579228042684954,11911.0,104.0,92.0,0.22139580182920046,11911.0,104.0,92.0,0.2416661601935389,11911.0,104.0,92.0,0.1710267360248733,11911.0,108.0,90.0,0.3390675736585994,11911.0,108.0,90.0,0.3589763225432569,11911.0,108.0,90.0,0.3579228042684954,11911.0,104.0,92.0,0.22139580182920046,11911.0,104.0,92.0,0.24166616019353893,11911.0,104.0,92.0
0.326548141402434,1074.0,23.0,8.0,0.4818810021524961,1074.0,23.0,8.0,0.5535304040069542,1074.0,23.0,8.0,0.4074092655898948,1074.0,23.0,8.0,0.4646208461932376,1074.0,23.0,8.0,0.5049357812132368,1074.0,23.0,8.0,0.33606015037593984,1074.0,11.0,3.0,0.7681804511278195,1074.0,11.0,3.0,0.7564611528822055,1074.0,11.0,3.0,0.3286902889312029,1074.0,23.0,8.0,0.4340306523718851,1074.0,23.0,8.0,0.4694233018047851,1074.0,23.0,8.0,0.4069767575971471,1074.0,23.0,8.0,0.3740738562181962,1074.0,23.0,8.0,0.3886816695039191,1074.0,23.0,8.0,0.33153160961172284,1074.0,23.0,8.0,0.5072937794933355,1074.0,23.0,8.0,0.5290509355079063,1074.0,23.0,8.0,0.4069767575971471,1074.0,23.0,8.0,0.3740738562181962,1074.0,23.0,8.0,0.3886816695039191,1074.0,23.0,8.0
0.1959264967171251,21705.0,70.0,13.0,0.5120134594687538,21705.0,70.0,13.0,0.5022448368751871,21705.0,70.0,13.0,0.2916628073645775,21705.0,68.0,13.0,0.4438861025023537,21705.0,68.0,13.0,0.44410435268946336,21705.0,68.0,13.0,0.18747669172932327,21705.0,20.0,5.0,0.5361383458646616,21705.0,20.0,5.0,0.4965894736842105,21705.0,20.0,5.0,0.2018916332859954,21705.0,70.0,13.0,0.2398309685595471,21705.0,70.0,13.0,0.2361783323886975,21705.0,70.0,13.0,0.2919474198037026,21705.0,68.0,13.0,0.2075431523205318,21705.0,68.0,13.0,0.197269778878847,21705.0,68.0,13.0,0.20035447725550384,21705.0,70.0,13.0,0.4342031943551109,21705.0,70.0,13.0,0.4248608519553962,21705.0,70.0,13.0,0.2919474198037026,21705.0,68.0,13.0,0.2075431523205318,21705.0,68.0,13.0,0.197269778878847,21705.0,68.0,13.0
0.6049362530010762,35232.0,28.0,10.0,0.32621233131881777,35232.0,28.0,10.0,0.3205294312443083,35232.0,28.0,10.0,0.3136151628809373,35232.0,22.0,11.0,0.5041862579681079,35232.0,22.0,11.0,0.52426343626709,35232.0,22.0,11.0,0.3491629072681704,35232.0,2.0,6.0,0.470265664160401,35232.0,2.0,6.0,0.4673934837092732,35232.0,2.0,6.0,0.6048301804785164,35232.0,28.0,10.0,0.3330392623561553,35232.0,28.0,10.0,0.3271664665949168,35232.0,28.0,10.0,0.3136180986927669,35232.0,22.0,11.0,0.3408544638389765,35232.0,22.0,11.0,0.3385049755719486,35232.0,22.0,11.0,0.6048544995446643,35232.0,28.0,10.0,0.3633584112923256,35232.0,28.0,10.0,0.368691013328918,35232.0,28.0,10.0,0.3136180986927669,35232.0,22.0,11.0,0.3408544638389765,35232.0,22.0,11.0,0.3385049755719486,35232.0,22.0,11.0
0.05695624073335391,29072.0,46.0,22.0,0.14037722305428654,29072.0,46.0,22.0,0.1683686093069113,29072.0,46.0,22.0,0.2523110081619763,29072.0,46.0,22.0,0.09158474703157968,29072.0,46.0,22.0,0.1043563672935464,29072.0,46.0,22.0,0.3402986036519871,29072.0,26.0,14.0,0.4135381310418904,29072.0,26.0,14.0,0.4340257787325457,29072.0,26.0,14.0,0.07223679902761368,29072.0,46.0,22.0,0.08670993610247688,29072.0,46.0,22.0,0.1132123087401877,29072.0,46.0,22.0,0.2548857151365006,29072.0,46.0,22.0,0.06784241736423653,29072.0,46.0,22.0,0.09680776597721223,29072.0,46.0,22.0,0.07322014540637771,29072.0,46.0,22.0,0.1531428512294064,29072.0,46.0,22.0,0.19619394855082825,29072.0,46.0,22.0,0.2548857151365006,29072.0,46.0,22.0,0.06784241736423653,29072.0,46.0,22.0,0.09680776597721222,29072.0,46.0,22.0
0.1596717730956389,34738.0,78.0,36.0,0.368854548987683,34738.0,78.0,36.0,0.4097916436699138,34738.0,78.0,36.0,0.2316919046293605,34738.0,78.0,36.0,0.3591888533655658,34738.0,78.0,36.0,0.3817342455599689,34738.0,78.0,36.0,0.3295639097744361,34738.0,39.0,18.0,0.5987201336675021,34738.0,39.0,18.0,0.6031278195488722,34738.0,39.0,18.0,0.1807103524482343,34738.0,78.0,36.0,0.1769636064887638,34738.0,78.0,36.0,0.1849476478921176,34738.0,78.0,36.0,0.23408780668340826,34738.0,78.0,36.0,0.1716569759246188,34738.0,78.0,36.0,0.17064087048032353,34738.0,78.0,36.0,0.17639759890903406,34738.0,78.0,36.0,0.3499148545225414,34738.0,78.0,36.0,0.3794567707039766,34738.0,78.0,36.0,0.23408780668340826,34738.0,78.0,36.0,0.1716569759246188,34738.0,78.0,36.0,0.17064087048032353,34738.0,78.0,36.0
0.00177994867124762,131.0,61.0,3.0,0.33856969395921305,131.0,61.0,3.0,0.3462258879046279,131.0,61.0,3.0,0.0010918423994697645,131.0,61.0,3.0,0.33641509695099164,131.0,61.0,3.0,0.3366626837486179,131.0,61.0,3.0,0.001243107769423559,131.0,37.0,3.0,0.09164912280701756,131.0,37.0,3.0,0.09442606516290726,131.0,37.0,3.0,0.004241176145928195,131.0,61.0,3.0,0.06135821122057567,131.0,61.0,3.0,0.06838486905648923,131.0,61.0,3.0,0.002152928675010803,131.0,61.0,3.0,0.04267412195110699,131.0,61.0,3.0,0.04974956826091035,131.0,61.0,3.0,0.00383930788972597,131.0,61.0,3.0,0.3418191351381185,131.0,61.0,3.0,0.34892858128432264,131.0,61.0,3.0,0.002152928675010803,131.0,61.0,3.0,0.04267412195110699,131.0,61.0,3.0,0.04974956826091035,131.0,61.0,3.0
0.17211407476537038,8063.0,20.0,11.0,0.33807500244601824,8063.0,20.0,11.0,0.3866538658377801,8063.0,20.0,11.0,0.2374128116311832,8063.0,20.0,11.0,0.35269501234928274,8063.0,20.0,11.0,0.3830336917959577,8063.0,20.0,11.0,0.17829430719656286,8063.0,16.0,7.0,0.1436219119226638,8063.0,16.0,7.0,0.1515187969924812,8063.0,16.0,7.0,0.16958103470335442,8063.0,20.0,11.0,0.35847150200573497,8063.0,20.0,11.0,0.3231157192422612,8063.0,20.0,11.0,0.2377323957189153,8063.0,20.0,11.0,0.32808116597025017,8063.0,20.0,11.0,0.2625408444820788,8063.0,20.0,11.0,0.16973391084451606,8063.0,20.0,11.0,0.3795204298971167,8063.0,20.0,11.0,0.4256631531809527,8063.0,20.0,11.0,0.2377323957189153,8063.0,20.0,11.0,0.32808116597025017,8063.0,20.0,11.0,0.26254084448207876,8063.0,20.0,11.0
0.1573939447250048,13646.0,18.0,12.0,0.7431915238568314,13646.0,18.0,12.0,0.7751633344371774,13646.0,18.0,12.0,0.2266130433645969,13646.0,18.0,12.0,0.6821785177701195,13646.0,18.0,12.0,0.6862106456171755,13646.0,18.0,12.0,0.2667067669172932,13646.0,5.0,3.0,0.6443107769423558,13646.0,5.0,3.0,0.587328320802005,13646.0,5.0,3.0,0.161002566437619,13646.0,18.0,12.0,0.5723543960592764,13646.0,18.0,12.0,0.4844383848000662,13646.0,18.0,12.0,0.2266165034285389,13646.0,18.0,12.0,0.3325229094678114,13646.0,18.0,12.0,0.2924372997968558,13646.0,18.0,12.0,0.16124360115351713,13646.0,18.0,12.0,0.6843337783205012,13646.0,18.0,12.0,0.693210668653586,13646.0,18.0,12.0,0.2266165034285389,13646.0,18.0,12.0,0.3325229094678114,13646.0,18.0,12.0,0.2924372997968558,13646.0,18.0,12.0
0.15827630138624427,12002.0,58.0,18.0,0.4960511700747854,12002.0,58.0,18.0,0.5164481400226287,12002.0,58.0,18.0,0.2151459617797266,12002.0,56.0,17.0,0.4942548012797081,12002.0,56.0,17.0,0.5074660038541041,12002.0,56.0,17.0,0.2752754613807245,12002.0,23.0,11.0,0.18769377990430625,12002.0,23.0,11.0,0.16555297334244706,12002.0,23.0,11.0,0.16632516488671806,12002.0,58.0,18.0,0.3029425495120089,12002.0,58.0,18.0,0.24656256036647625,12002.0,58.0,18.0,0.2153508518406048,12002.0,56.0,17.0,0.19214915562227824,12002.0,56.0,17.0,0.184978817624236,12002.0,56.0,17.0,0.16425861918297135,12002.0,58.0,18.0,0.4904733076689571,12002.0,58.0,18.0,0.4991954011093633,12002.0,58.0,18.0,0.2153508518406048,12002.0,56.0,17.0,0.19214915562227824,12002.0,56.0,17.0,0.18497881762423596,12002.0,56.0,17.0
0.10726389808759004,7990.0,37.0,24.0,0.22693957488202665,7990.0,37.0,24.0,0.2537097355603389,7990.0,37.0,24.0,0.3184308379352184,7990.0,35.0,24.0,0.2269598186618933,7990.0,35.0,24.0,0.2423646000089193,7990.0,35.0,24.0,0.3209370795409576,7990.0,14.0,19.0,0.20424693312227926,7990.0,14.0,19.0,0.2080379897111199,7990.0,14.0,19.0,0.09814209233656207,7990.0,37.0,24.0,0.09735215387587272,7990.0,37.0,24.0,0.11630722741948835,7990.0,37.0,24.0,0.3181740243004135,7990.0,35.0,24.0,0.08781411613819956,7990.0,35.0,24.0,0.10138391024132792,7990.0,35.0,24.0,0.09950421875431187,7990.0,37.0,24.0,0.24883600498109665,7990.0,37.0,24.0,0.2792697639843254,7990.0,37.0,24.0,0.3181740243004135,7990.0,35.0,24.0,0.08781411613819956,7990.0,35.0,24.0,0.10138391024132792,7990.0,35.0,24.0
0.07850321919160401,27440.0,11.0,13.0,0.32437415221586097,27440.0,11.0,13.0,0.33588491151203304,27440.0,11.0,13.0,0.1966437734641132,27440.0,11.0,13.0,0.3236962567786201,27440.0,11.0,13.0,0.32680179724593106,27440.0,11.0,13.0,0.15129022556390975,27440.0,10.0,10.0,0.3961624060150376,27440.0,10.0,10.0,0.34870375939849624,27440.0,10.0,10.0,0.08157912333547733,27440.0,11.0,13.0,0.3331274239462003,27440.0,11.0,13.0,0.3490156151489871,27440.0,11.0,13.0,0.19745431562241936,27440.0,11.0,13.0,0.3320351883179725,27440.0,11.0,13.0,0.3407478067630587,27440.0,11.0,13.0,0.08190987855591714,27440.0,11.0,13.0,0.3344448725378438,27440.0,11.0,13.0,0.3520150993141307,27440.0,11.0,13.0,0.19745431562241936,27440.0,11.0,13.0,0.3320351883179725,27440.0,11.0,13.0,0.3407478067630587,27440.0,11.0,13.0
0.008082208792118553,11454.0,1.0,1.0,0.1882295719844358,11454.0,1.0,1.0,0.9778696498054474,11454.0,1.0,1.0,0.5399498982741201,11454.0,1.0,1.0,0.016991220664424544,11454.0,1.0,1.0,0.011353623148289114,11454.0,1.0,1.0,0.002045112781954887,11454.0,1.0,1.0,0.7552180451127819,11454.0,1.0,1.0,0.7552481203007518,11454.0,1.0,1.0,0.0256592019206888,11454.0,1.0,1.0,0.08040297210033942,11454.0,1.0,1.0,0.06598745757099098,11454.0,1.0,1.0,0.5399498982741201,11454.0,1.0,1.0,0.05059536166895031,11454.0,1.0,1.0,0.11209684488302678,11454.0,1.0,1.0,0.029565775312525883,11454.0,1.0,1.0,0.060549300438778035,11454.0,1.0,1.0,0.05163403427436046,11454.0,1.0,1.0,0.5399498982741201,11454.0,1.0,1.0,0.05059536166895031,11454.0,1.0,1.0,0.11209684488302678,11454.0,1.0,1.0
0.15554088989907353,35923.0,34.0,22.0,0.5485551087913659,35923.0,34.0,22.0,0.5564597460656737,35923.0,34.0,22.0,0.4122787813361216,35923.0,32.0,22.0,0.5209583412495402,35923.0,32.0,22.0,0.5235393392494135,35923.0,32.0,22.0,0.4351686358754028,35923.0,11.0,14.0,0.4986509129967777,35923.0,11.0,14.0,0.4695359828141783,35923.0,11.0,14.0,0.15853349916082754,35923.0,34.0,22.0,0.3202630504481858,35923.0,34.0,22.0,0.31796755639012864,35923.0,34.0,22.0,0.4122775231310517,35923.0,32.0,22.0,0.3136709433056989,35923.0,32.0,22.0,0.30462801376811866,35923.0,32.0,22.0,0.15822069105660466,35923.0,34.0,22.0,0.5034427706989592,35923.0,34.0,22.0,0.5101549740722064,35923.0,34.0,22.0,0.4122775231310517,35923.0,32.0,22.0,0.3136709433056989,35923.0,32.0,22.0,0.30462801376811866,35923.0,32.0,22.0
0.1998595068262725,19872.0,108.0,88.0,0.28612927723923565,19872.0,108.0,88.0,0.3074352722418322,19872.0,108.0,88.0,0.3144424094142445,19872.0,107.0,90.0,0.2886316139122251,19872.0,107.0,90.0,0.3028914857309526,19872.0,107.0,90.0,0.2766072323666309,19872.0,50.0,63.0,0.2899606158252775,19872.0,50.0,63.0,0.2939271989497554,19872.0,50.0,63.0,0.2047984057605612,19872.0,108.0,88.0,0.19197245030819832,19872.0,108.0,88.0,0.2124343338175195,19872.0,108.0,88.0,0.3149935078948407,19872.0,107.0,90.0,0.17833810309555262,19872.0,107.0,90.0,0.1940229573961045,19872.0,107.0,90.0,0.2024522273818573,19872.0,108.0,88.0,0.3000123124092151,19872.0,108.0,88.0,0.324812232819544,19872.0,108.0,88.0,0.3149935078948407,19872.0,107.0,90.0,0.17833810309555262,19872.0,107.0,90.0,0.1940229573961045,19872.0,107.0,90.0
0.2129987995695008,41118.0,9.0,4.0,0.14727781687225766,41118.0,9.0,4.0,0.14769046485636228,41118.0,9.0,4.0,0.7467671469235418,41118.0,9.0,4.0,0.15559215534303075,41118.0,9.0,4.0,0.15517694766999293,41118.0,9.0,4.0,0.6646817042606517,41118.0,7.0,3.0,0.32313784461152883,41118.0,7.0,3.0,0.3615438596491228,41118.0,7.0,3.0,0.21989221996854044,41118.0,9.0,4.0,0.3177040214421724,41118.0,9.0,4.0,0.34807051494329,41118.0,9.0,4.0,0.7467671469235418,41118.0,9.0,4.0,0.2168756545287624,41118.0,9.0,4.0,0.2274876706388201,41118.0,9.0,4.0,0.21695711565526948,41118.0,9.0,4.0,0.3215316872257637,41118.0,9.0,4.0,0.3421149308717609,41118.0,9.0,4.0,0.7467671469235418,41118.0,9.0,4.0,0.2168756545287624,41118.0,9.0,4.0,0.22748767063882008,41118.0,9.0,4.0
0.7636548969285537,33599.0,7.0,2.0,0.17262138835996355,33599.0,7.0,2.0,0.2291295844026824,33599.0,7.0,2.0,0.7013987885162785,33599.0,7.0,2.0,0.14786237249664375,33599.0,7.0,2.0,0.14437462804312626,33599.0,7.0,2.0,0.8483609022556391,33599.0,5.0,1.0,0.8723007518796992,33599.0,5.0,1.0,0.8733834586466166,33599.0,5.0,1.0,0.7636548969285537,33599.0,7.0,2.0,0.15007968374865469,33599.0,7.0,2.0,0.14893875734746256,33599.0,7.0,2.0,0.7013987885162785,33599.0,7.0,2.0,0.18291974035680167,33599.0,7.0,2.0,0.1878145774800585,33599.0,7.0,2.0,0.7636548969285537,33599.0,7.0,2.0,0.16989454838976736,33599.0,7.0,2.0,0.16806026988989153,33599.0,7.0,2.0,0.7013987885162785,33599.0,7.0,2.0,0.18291974035680175,33599.0,7.0,2.0,0.1878145774800585,33599.0,7.0,2.0
0.4017324932290989,39012.0,26.0,7.0,0.39579686705380057,39012.0,26.0,7.0,0.39673932326469785,39012.0,26.0,7.0,0.5844382470854728,39012.0,25.0,8.0,0.3842902716842207,39012.0,25.0,8.0,0.3910996775220406,39012.0,25.0,8.0,0.41557894736842105,39012.0,16.0,5.0,0.4415037593984962,39012.0,16.0,5.0,0.4270977443609023,39012.0,16.0,5.0,0.40240810497557744,39012.0,26.0,7.0,0.3942519780492709,39012.0,26.0,7.0,0.42571744941042894,39012.0,26.0,7.0,0.5844382470854728,39012.0,25.0,8.0,0.33385291960195423,39012.0,25.0,8.0,0.3344249835070285,39012.0,25.0,8.0,0.4009770498976973,39012.0,26.0,7.0,0.41592625335588335,39012.0,26.0,7.0,0.4279128179958133,39012.0,26.0,7.0,0.5844382470854728,39012.0,25.0,8.0,0.33385291960195423,39012.0,25.0,8.0,0.33442498350702854,39012.0,25.0,8.0
0.0016294244707192804,27691.0,18.0,11.0,0.9161961217439734,27691.0,18.0,11.0,0.9175075638410766,27691.0,18.0,11.0,0.14137905147275,27691.0,17.0,11.0,0.8892079137743677,27691.0,17.0,11.0,0.8895841170902414,27691.0,17.0,11.0,0.030111278195488724,27691.0,5.0,5.0,0.9417624060150376,27691.0,5.0,5.0,0.9345383458646616,27691.0,5.0,5.0,0.0010023970978934136,27691.0,18.0,11.0,0.5410385417215452,27691.0,18.0,11.0,0.5476140973440005,27691.0,18.0,11.0,0.14138156788288966,27691.0,17.0,11.0,0.4969591280471105,27691.0,17.0,11.0,0.4937733528103478,27691.0,17.0,11.0,0.001259699403171545,27691.0,18.0,11.0,0.9153089697371096,27691.0,18.0,11.0,0.9170809218102041,27691.0,18.0,11.0,0.14138156788288966,27691.0,17.0,11.0,0.4969591280471105,27691.0,17.0,11.0,0.4937733528103478,27691.0,17.0,11.0
0.4765482484562835,3886.0,3.0,29.0,0.1452574430973105,3886.0,3.0,29.0,0.14477034808202324,3886.0,3.0,29.0,0.5858017111328632,3886.0,3.0,29.0,0.13667379837547214,3886.0,3.0,29.0,0.13305735545165287,3886.0,3.0,29.0,0.4735538847117794,3886.0,3.0,24.0,0.2799949874686717,3886.0,3.0,24.0,0.2826904761904762,3886.0,3.0,24.0,0.4755176767316317,3886.0,3.0,29.0,0.21296382864532634,3886.0,3.0,29.0,0.2582927480294955,3886.0,3.0,29.0,0.5857651219509479,3886.0,3.0,29.0,0.17815877191433488,3886.0,3.0,29.0,0.18851398764653768,3886.0,3.0,29.0,0.4755405148861946,3886.0,3.0,29.0,0.17468369155930355,3886.0,3.0,29.0,0.2108571873099794,3886.0,3.0,29.0,0.5857651219509479,3886.0,3.0,29.0,0.17815877191433488,3886.0,3.0,29.0,0.18851398764653768,3886.0,3.0,29.0
4.139415514529349e-05,26372.0,39.0,1.0,0.9999430830366752,26372.0,39.0,1.0,0.9999482573060684,26372.0,39.0,1.0,0.0005720639050742991,26372.0,39.0,1.0,0.9999307987211604,26372.0,39.0,1.0,0.9999261853025708,26372.0,39.0,1.0,0.0009022556390977444,26372.0,20.0,1.0,0.9994285714285714,26372.0,20.0,1.0,0.9993984962406016,26372.0,20.0,1.0,4.656842453845517e-05,26372.0,39.0,1.0,0.9999430830366752,26372.0,39.0,1.0,0.9999430830366752,26372.0,39.0,1.0,0.0002352843480547521,26372.0,39.0,1.0,0.5024658722359856,26372.0,39.0,1.0,0.5024704856545749,26372.0,39.0,1.0,5.1742693931616854e-05,26372.0,39.0,1.0,0.9999430830366752,26372.0,39.0,1.0,0.999937908767282,26372.0,39.0,1.0,0.0002352843480547521,26372.0,39.0,1.0,0.5024658722359856,26372.0,39.0,1.0,0.5024704856545749,26372.0,39.0,1.0
0.12036816651488808,25201.0,10.0,12.0,0.7428698567762232,25201.0,10.0,12.0,0.7457437322350083,25201.0,10.0,12.0,0.1421267398354855,25201.0,10.0,12.0,0.7445619328378522,25201.0,10.0,12.0,0.7446538167580892,25201.0,10.0,12.0,0.17880128893662728,25201.0,5.0,7.0,0.9253533834586466,25201.0,5.0,7.0,0.939282491944146,25201.0,5.0,7.0,0.1199494818831581,25201.0,10.0,12.0,0.7124041897784034,25201.0,10.0,12.0,0.4968717229627177,25201.0,10.0,12.0,0.14207829894029775,25201.0,10.0,12.0,0.7047289078346612,25201.0,10.0,12.0,0.4175697433555239,25201.0,10.0,12.0,0.11991498675387036,25201.0,10.0,12.0,0.7237793898501531,25201.0,10.0,12.0,0.7284030307420593,25201.0,10.0,12.0,0.14207829894029775,25201.0,10.0,12.0,0.7047289078346612,25201.0,10.0,12.0,0.4175697433555239,25201.0,10.0,12.0
0.1865281781303389,39734.0,41.0,11.0,0.19467294854330205,39734.0,41.0,11.0,0.2257933566144097,39734.0,41.0,11.0,0.5962981929239386,39734.0,39.0,10.0,0.1422529168339031,39734.0,39.0,10.0,0.16509441361143018,39734.0,39.0,10.0,0.3635308270676692,39734.0,8.0,10.0,0.3116421052631579,39734.0,8.0,10.0,0.3077533834586466,39734.0,8.0,10.0,0.19182239649579666,39734.0,41.0,11.0,0.19233182683695974,39734.0,41.0,11.0,0.20966562930405136,39734.0,41.0,11.0,0.5952980037737764,39734.0,39.0,10.0,0.09612657375241627,39734.0,39.0,10.0,0.11996687565452875,39734.0,39.0,10.0,0.19117608320977805,39734.0,41.0,11.0,0.2033633691831805,39734.0,41.0,11.0,0.24255328556698705,39734.0,41.0,11.0,0.5952980037737764,39734.0,39.0,10.0,0.09612657375241627,39734.0,39.0,10.0,0.11996687565452877,39734.0,39.0,10.0
0.04658480972486685,6749.0,70.0,18.0,0.3108931018940126,6749.0,70.0,18.0,0.3361012799992641,6749.0,70.0,18.0,0.16726507562000095,6749.0,68.0,19.0,0.3400366305435991,6749.0,68.0,19.0,0.3551761706731779,6749.0,68.0,19.0,0.08681291463954002,6749.0,34.0,17.0,0.20485272003538246,6749.0,34.0,17.0,0.21384520123839007,6749.0,34.0,17.0,0.07074174876507437,6749.0,70.0,18.0,0.06401404871632126,6749.0,70.0,18.0,0.07320728813091591,6749.0,70.0,18.0,0.16870810439243586,6749.0,68.0,19.0,0.09746113862570144,6749.0,68.0,19.0,0.10509828888304523,6749.0,68.0,19.0,0.07161878742721528,6749.0,70.0,18.0,0.32571680878659937,6749.0,70.0,18.0,0.3504288319489288,6749.0,70.0,18.0,0.16870810439243586,6749.0,68.0,19.0,0.09746113862570144,6749.0,68.0,19.0,0.10509828888304523,6749.0,68.0,19.0
0.17831308469244142,36805.0,9.0,4.0,0.33326304950740954,36805.0,9.0,4.0,0.3648338542097856,36805.0,9.0,4.0,0.03845861071512602,36805.0,8.0,4.0,0.35268893102477866,36805.0,8.0,4.0,0.3749013881776535,36805.0,8.0,4.0,0.2363809523809524,36805.0,8.0,3.0,0.3827568922305764,36805.0,8.0,3.0,0.39743358395989975,36805.0,8.0,3.0,0.19226291497640527,36805.0,9.0,4.0,0.3714672675718189,36805.0,9.0,4.0,0.4094839183707261,36805.0,9.0,4.0,0.038289067581968914,36805.0,8.0,4.0,0.34692446449743725,36805.0,8.0,4.0,0.3735358162752181,36805.0,8.0,4.0,0.18239558324364602,36805.0,9.0,4.0,0.3895034771090322,36805.0,9.0,4.0,0.4415812049838563,36805.0,9.0,4.0,0.038289067581968914,36805.0,8.0,4.0,0.34692446449743725,36805.0,8.0,4.0,0.3735358162752181,36805.0,8.0,4.0
0.02801737519662224,1500.0,102.0,20.0,0.2323016702541601,1500.0,102.0,20.0,0.2540853443993708,1500.0,102.0,20.0,0.08564211866635296,1500.0,99.0,20.0,0.22224936450158933,1500.0,99.0,20.0,0.23252137166161496,1500.0,99.0,20.0,0.16472556390977444,1500.0,65.0,16.0,0.3443082706766917,1500.0,65.0,16.0,0.3382593984962406,1500.0,65.0,16.0,0.053912006374699895,1500.0,102.0,20.0,0.04214390678036261,1500.0,102.0,20.0,0.06363497599139002,1500.0,102.0,20.0,0.08832066949930567,1500.0,99.0,20.0,0.03695625095151758,1500.0,99.0,20.0,0.061704934973864985,1500.0,99.0,20.0,0.0538305116317576,1500.0,102.0,20.0,0.2445121698816128,1500.0,102.0,20.0,0.2790204073184866,1500.0,102.0,20.0,0.08832066949930567,1500.0,99.0,20.0,0.03695625095151758,1500.0,99.0,20.0,0.061704934973864985,1500.0,99.0,20.0
0.07736405900736816,7937.0,20.0,16.0,0.8226105223942379,7937.0,20.0,16.0,0.832396359384055,7937.0,20.0,16.0,0.06451750561683713,7937.0,20.0,16.0,0.8111871940726798,7937.0,20.0,16.0,0.8094340950087424,7937.0,20.0,16.0,0.19280601503759398,7937.0,9.0,10.0,0.7141142857142857,7937.0,9.0,10.0,0.5341022556390977,7937.0,9.0,10.0,0.07764799704031791,7937.0,20.0,16.0,0.4285928186315092,7937.0,20.0,16.0,0.3702199452562298,7937.0,20.0,16.0,0.06450914379564401,7937.0,20.0,16.0,0.383324625505746,7937.0,20.0,16.0,0.35072159633510025,7937.0,20.0,16.0,0.07764961399950326,7937.0,20.0,16.0,0.7856542734290918,7937.0,20.0,16.0,0.7873417320349366,7937.0,20.0,16.0,0.06450914379564401,7937.0,20.0,16.0,0.383324625505746,7937.0,20.0,16.0,0.35072159633510025,7937.0,20.0,16.0
0.13403706050551814,26386.0,55.0,39.0,0.3097086806727505,26386.0,55.0,39.0,0.3303116926813011,26386.0,55.0,39.0,0.18771453914012198,26386.0,55.0,38.0,0.31033167808730583,26386.0,55.0,38.0,0.3198779338003569,26386.0,55.0,38.0,0.3003597455176403,26386.0,30.0,26.0,0.2607622903412377,26386.0,30.0,26.0,0.2664603817235396,26386.0,30.0,26.0,0.149618245057644,26386.0,55.0,39.0,0.18913374239249725,26386.0,55.0,39.0,0.18055838592513807,26386.0,55.0,39.0,0.1882375551212467,26386.0,55.0,38.0,0.17447718433836654,26386.0,55.0,38.0,0.1860595359240836,26386.0,55.0,38.0,0.14936258308019215,26386.0,55.0,39.0,0.3091817012360931,26386.0,55.0,39.0,0.32357147709205,26386.0,55.0,39.0,0.1882375551212467,26386.0,55.0,38.0,0.17447718433836654,26386.0,55.0,38.0,0.18605953592408353,26386.0,55.0,38.0
0.14255836575875488,28192.0,11.0,10.0,0.519080635814223,28192.0,11.0,10.0,0.5266728412948092,28192.0,11.0,10.0,0.15828777582476392,28192.0,11.0,10.0,0.5150374378918522,28192.0,11.0,10.0,0.5177206021433943,28192.0,11.0,10.0,0.09049194414607947,28192.0,5.0,7.0,0.4300665950590763,28192.0,5.0,7.0,0.42851557465091294,28192.0,5.0,7.0,0.15179029721003393,28192.0,11.0,10.0,0.3738404462289924,28192.0,11.0,10.0,0.34993118221707104,28192.0,11.0,10.0,0.1592404467634562,28192.0,11.0,10.0,0.3428526612505132,28192.0,11.0,10.0,0.3224142942161571,28192.0,11.0,10.0,0.15258351270800566,28192.0,11.0,10.0,0.5233654482987002,28192.0,11.0,10.0,0.5333683458895604,28192.0,11.0,10.0,0.1592404467634562,28192.0,11.0,10.0,0.3428526612505132,28192.0,11.0,10.0,0.3224142942161571,28192.0,11.0,10.0
0.17836706956977674,22174.0,41.0,30.0,0.3480660305764826,22174.0,41.0,30.0,0.4001907580649612,22174.0,41.0,30.0,0.4778741982262944,22174.0,41.0,30.0,0.3110752802267341,22174.0,41.0,30.0,0.3585282887138866,22174.0,41.0,30.0,0.3533249791144528,22174.0,21.0,18.0,0.4207518796992481,22174.0,21.0,18.0,0.4117159565580618,22174.0,21.0,18.0,0.1790990562132627,22174.0,41.0,30.0,0.2818162375472583,22174.0,41.0,30.0,0.3191246171040649,22174.0,41.0,30.0,0.4778257573311066,22174.0,41.0,30.0,0.2595929119436794,22174.0,41.0,30.0,0.276981963071122,22174.0,41.0,30.0,0.1801052791345862,22174.0,41.0,30.0,0.3863066410022905,22174.0,41.0,30.0,0.4426644382813147,22174.0,41.0,30.0,0.4778257573311066,22174.0,41.0,30.0,0.2595929119436794,22174.0,41.0,30.0,0.276981963071122,22174.0,41.0,30.0
0.20743214808069105,12634.0,66.0,36.0,0.3363200366108305,12634.0,66.0,36.0,0.3607744961411449,12634.0,66.0,36.0,0.3320346560004429,12634.0,64.0,36.0,0.3376817366547897,12634.0,64.0,36.0,0.3445147221876216,12634.0,64.0,36.0,0.2494821052631579,12634.0,21.0,25.0,0.23187007518796995,12634.0,21.0,25.0,0.2273996992481203,12634.0,21.0,25.0,0.21432183150739115,12634.0,66.0,36.0,0.2701361005326048,12634.0,66.0,36.0,0.2897787769866895,12634.0,66.0,36.0,0.33249151259130083,12634.0,64.0,36.0,0.2352943437950289,12634.0,64.0,36.0,0.2445099037282061,12634.0,64.0,36.0,0.21453081449899275,12634.0,66.0,36.0,0.3553593357617905,12634.0,66.0,36.0,0.3810137946022022,12634.0,66.0,36.0,0.33249151259130083,12634.0,64.0,36.0,0.2352943437950289,12634.0,64.0,36.0,0.24450990372820608,12634.0,64.0,36.0
0.19646554444248324,39310.0,5.0,53.0,0.11443375138826625,39310.0,5.0,53.0,0.1302539336162715,39310.0,5.0,53.0,0.4537943931644109,39310.0,5.0,53.0,0.12642272824170345,39310.0,5.0,53.0,0.13313594865421793,39310.0,5.0,53.0,0.4390172490048651,39310.0,2.0,34.0,0.16319239274657232,39310.0,2.0,34.0,0.17224944714727994,39310.0,2.0,34.0,0.19488163224182933,39310.0,5.0,53.0,0.15697473941207804,39310.0,5.0,53.0,0.1902292806633062,39310.0,5.0,53.0,0.4536930720467136,39310.0,5.0,53.0,0.12975692419726734,39310.0,5.0,53.0,0.15273296741089815,39310.0,5.0,53.0,0.19450254378798693,39310.0,5.0,53.0,0.15319127458070847,39310.0,5.0,53.0,0.1870491551687241,39310.0,5.0,53.0,0.4536930720467136,39310.0,5.0,53.0,0.12975692419726734,39310.0,5.0,53.0,0.15273296741089815,39310.0,5.0,53.0
0.010917277230455059,14990.0,15.0,12.0,0.3865597490134393,14990.0,15.0,12.0,0.4051759079118029,14990.0,15.0,12.0,0.20395692912405025,14990.0,15.0,12.0,0.27638990768549404,14990.0,15.0,12.0,0.2845548896854725,14990.0,15.0,12.0,0.34121637426900586,14990.0,10.0,9.0,0.5557059314954051,14990.0,10.0,9.0,0.4702522974101922,14990.0,10.0,9.0,0.01213366172696415,14990.0,15.0,12.0,0.2815583002180092,14990.0,15.0,12.0,0.24733654482987005,14990.0,15.0,12.0,0.2040499663989346,14990.0,15.0,12.0,0.2642516189254733,14990.0,15.0,12.0,0.2142067918748472,14990.0,15.0,12.0,0.012060790766343792,14990.0,15.0,12.0,0.2872547396307641,14990.0,15.0,12.0,0.2939968126500538,14990.0,15.0,12.0,0.2040499663989346,14990.0,15.0,12.0,0.2642516189254733,14990.0,15.0,12.0,0.21420679187484717,14990.0,15.0,12.0
0.1816154184029215,40126.0,22.0,18.0,0.4054189548435761,40126.0,22.0,18.0,0.4030560384873656,40126.0,22.0,18.0,0.3150408723256909,40126.0,22.0,18.0,0.4158312534504527,40126.0,22.0,18.0,0.4083229146963525,40126.0,22.0,18.0,0.2825263157894737,40126.0,11.0,9.0,0.5054335839598998,40126.0,11.0,9.0,0.4676791979949874,40126.0,11.0,9.0,0.18471566814765755,40126.0,22.0,18.0,0.42619709597004907,40126.0,22.0,18.0,0.42845336488487823,40126.0,22.0,18.0,0.31517491776581363,40126.0,22.0,18.0,0.42473592023091694,40126.0,22.0,18.0,0.4167339456877607,40126.0,22.0,18.0,0.1846903717195132,40126.0,22.0,18.0,0.38737570255079984,40126.0,22.0,18.0,0.386810844808713,40126.0,22.0,18.0,0.31517491776581363,40126.0,22.0,18.0,0.42473592023091694,40126.0,22.0,18.0,0.41673394568776073,40126.0,22.0,18.0
0.0642313105389519,35426.0,17.0,15.0,0.6555068024394956,35426.0,17.0,15.0,0.6681727240113696,35426.0,17.0,15.0,0.1790664593703914,35426.0,17.0,15.0,0.6127493360521746,35426.0,17.0,15.0,0.6419685764681821,35426.0,17.0,15.0,0.21750375939849625,35426.0,11.0,6.0,0.34065664160401005,35426.0,11.0,6.0,0.2469874686716793,35426.0,11.0,6.0,0.06713993984049453,35426.0,17.0,15.0,0.616564561083975,35426.0,17.0,15.0,0.5084064630074234,35426.0,17.0,15.0,0.17894835585450508,35426.0,17.0,15.0,0.5979405699417325,35426.0,17.0,15.0,0.4883346635356933,35426.0,17.0,15.0,0.06629963849104507,35426.0,17.0,15.0,0.6459744184121202,35426.0,17.0,15.0,0.654526105913845,35426.0,17.0,15.0,0.17894835585450508,35426.0,17.0,15.0,0.5979405699417325,35426.0,17.0,15.0,0.48833466353569327,35426.0,17.0,15.0
0.0951744763639374,18765.0,30.0,10.0,0.5624684369567017,18765.0,30.0,10.0,0.5169436625548472,18765.0,30.0,10.0,0.1937894158950724,18765.0,26.0,10.0,0.4449762178271721,18765.0,26.0,10.0,0.4351865435806587,18765.0,26.0,10.0,0.548354887218045,18765.0,9.0,5.0,0.8628812030075188,18765.0,9.0,5.0,0.9170285714285714,18765.0,9.0,5.0,0.09434711068797087,18765.0,30.0,10.0,0.4665995736402021,18765.0,30.0,10.0,0.4385467546982366,18765.0,30.0,10.0,0.19360580183521792,18765.0,26.0,10.0,0.4050304716297824,18765.0,26.0,10.0,0.3907736241632412,18765.0,26.0,10.0,0.09422603278417087,18765.0,30.0,10.0,0.481410402351188,18765.0,30.0,10.0,0.4592298617435218,18765.0,30.0,10.0,0.19360580183521792,18765.0,26.0,10.0,0.4050304716297824,18765.0,26.0,10.0,0.3907736241632412,18765.0,26.0,10.0
0.048974569897113504,15148.0,44.0,47.0,0.5224137240119567,15148.0,44.0,47.0,0.5398384615113623,15148.0,44.0,47.0,0.11765630875667095,15148.0,42.0,47.0,0.5045819590008435,15148.0,42.0,47.0,0.5203209800707188,15148.0,42.0,47.0,0.18997556390977444,15148.0,17.0,16.0,0.6854003759398496,15148.0,17.0,16.0,0.6196578947368421,15148.0,17.0,16.0,0.04955122570735565,15148.0,44.0,47.0,0.33004660805724023,15148.0,44.0,47.0,0.34439628826537355,15148.0,44.0,47.0,0.11764099613326813,15148.0,42.0,47.0,0.2973286441368897,15148.0,42.0,47.0,0.3010031829643531,15148.0,42.0,47.0,0.049547922982211084,15148.0,44.0,47.0,0.5160053363231071,15148.0,44.0,47.0,0.5206883803964326,15148.0,44.0,47.0,0.11764099613326813,15148.0,42.0,47.0,0.2973286441368897,15148.0,42.0,47.0,0.3010031829643531,15148.0,42.0,47.0
0.2339149212131247,34056.0,1.0,3.0,0.3417587686618649,34056.0,1.0,3.0,0.35709012887380304,34056.0,1.0,3.0,0.4312054708993245,34056.0,1.0,3.0,0.33884790635375384,34056.0,1.0,3.0,0.3414006646398381,34056.0,1.0,3.0,0.2739398496240601,34056.0,1.0,2.0,0.5048120300751879,34056.0,1.0,2.0,0.5216541353383458,34056.0,1.0,2.0,0.23439267875376,34056.0,1.0,3.0,0.3420640505560615,34056.0,1.0,3.0,0.3614796340756685,34056.0,1.0,3.0,0.4312054708993245,34056.0,1.0,3.0,0.34061330786726274,34056.0,1.0,3.0,0.3532556126081654,34056.0,1.0,3.0,0.2344064768054751,34056.0,1.0,3.0,0.3482214311339239,34056.0,1.0,3.0,0.3797517040593868,34056.0,1.0,3.0,0.4312054708993245,34056.0,1.0,3.0,0.34061330786726274,34056.0,1.0,3.0,0.3532556126081654,34056.0,1.0,3.0
0.006539241659077738,15078.0,45.0,10.0,0.5207876272870271,15078.0,45.0,10.0,0.5679128032121865,15078.0,45.0,10.0,0.08017198824500943,15078.0,43.0,10.0,0.5390253691888226,15078.0,43.0,10.0,0.5750930757200393,15078.0,43.0,10.0,0.20615538847117795,15078.0,16.0,6.0,0.6135388471177945,15078.0,16.0,6.0,0.5424461152882205,15078.0,16.0,6.0,0.007754160112592102,15078.0,45.0,10.0,0.2407090818776389,15078.0,45.0,10.0,0.2550314595579105,15078.0,45.0,10.0,0.08026194990750096,15078.0,43.0,10.0,0.21997102773125912,15078.0,43.0,10.0,0.23284062022799515,15078.0,43.0,10.0,0.007511486878052818,15078.0,45.0,10.0,0.5598890636642105,15078.0,45.0,10.0,0.593777941054723,15078.0,45.0,10.0,0.08026194990750096,15078.0,43.0,10.0,0.21997102773125912,15078.0,43.0,10.0,0.23284062022799515,15078.0,43.0,10.0
0.04845208856509461,24905.0,42.0,45.0,0.5922991923540396,24905.0,42.0,45.0,0.6040315607436231,24905.0,42.0,45.0,0.10052833894888896,24905.0,42.0,45.0,0.5881031211827166,24905.0,42.0,45.0,0.5956277094222924,24905.0,42.0,45.0,0.10492387218045113,24905.0,27.0,32.0,0.3716315789473684,24905.0,27.0,32.0,0.32562312030075186,24905.0,27.0,32.0,0.053692243655195884,24905.0,42.0,45.0,0.2702794565407365,24905.0,42.0,45.0,0.16839556254656846,24905.0,42.0,45.0,0.10099490934888772,24905.0,42.0,45.0,0.22849411353418106,24905.0,42.0,45.0,0.12748700425613496,24905.0,42.0,45.0,0.052707407714030784,24905.0,42.0,45.0,0.6060145707426111,24905.0,42.0,45.0,0.6214688485985779,24905.0,42.0,45.0,0.10099490934888772,24905.0,42.0,45.0,0.22849411353418106,24905.0,42.0,45.0,0.12748700425613496,24905.0,42.0,45.0
0.1436221955459889,3343.0,44.0,21.0,0.5100462136174944,3343.0,44.0,21.0,0.52432300844835,3343.0,44.0,21.0,0.3087967567227944,3343.0,44.0,21.0,0.4930364840126372,3343.0,44.0,21.0,0.4875654089389159,3343.0,44.0,21.0,0.379812030075188,3343.0,11.0,12.0,0.5219022556390978,3343.0,11.0,12.0,0.5164335839598998,3343.0,11.0,12.0,0.14328463606653027,3343.0,44.0,21.0,0.36910231846691816,3343.0,44.0,21.0,0.3774410231846692,3343.0,44.0,21.0,0.3087618265534753,3343.0,44.0,21.0,0.2987465341692848,3343.0,44.0,21.0,0.3083141052637129,3343.0,44.0,21.0,0.14346376434504593,3343.0,44.0,21.0,0.5312168600365057,3343.0,44.0,21.0,0.5485992020783808,3343.0,44.0,21.0,0.3087618265534753,3343.0,44.0,21.0,0.2987465341692848,3343.0,44.0,21.0,0.3083141052637129,3343.0,44.0,21.0
0.14306832375268613,31633.0,80.0,23.0,0.2679877851247404,31633.0,80.0,23.0,0.2711623118815623,31633.0,80.0,23.0,0.29255873634052004,31633.0,79.0,23.0,0.22116708658804998,31633.0,79.0,23.0,0.2222127279404877,31633.0,79.0,23.0,0.2876441102756892,31633.0,18.0,6.0,0.5553684210526316,31633.0,18.0,6.0,0.5285263157894737,31633.0,18.0,6.0,0.14888127796355155,31633.0,80.0,23.0,0.2334443626559929,31633.0,80.0,23.0,0.2499064132144541,31633.0,80.0,23.0,0.29322888553647136,31633.0,79.0,23.0,0.15987160254315705,31633.0,79.0,23.0,0.1840501282028909,31633.0,79.0,23.0,0.14991928139746669,31633.0,80.0,23.0,0.2898805688636765,31633.0,80.0,23.0,0.3116026017126381,31633.0,80.0,23.0,0.29322888553647136,31633.0,79.0,23.0,0.15987160254315705,31633.0,79.0,23.0,0.1840501282028909,31633.0,79.0,23.0
0.1486878052818942,11849.0,20.0,5.0,0.0682920771587052,11849.0,20.0,5.0,0.10355472307310208,11849.0,20.0,5.0,0.16415466024478798,11849.0,20.0,5.0,0.09947084088780628,11849.0,20.0,5.0,0.14357881333647046,11849.0,20.0,5.0,0.2656390977443609,11849.0,19.0,4.0,0.07330827067669173,11849.0,19.0,4.0,0.0657593984962406,11849.0,19.0,4.0,0.15358990810497558,11849.0,20.0,5.0,0.07715767033694843,11849.0,20.0,5.0,0.0918236195049259,11849.0,20.0,5.0,0.1641934129609382,11849.0,20.0,5.0,0.07030849930106707,11849.0,20.0,5.0,0.07101158429407775,11849.0,20.0,5.0,0.15368718436956702,11849.0,20.0,5.0,0.0919478019703618,11849.0,20.0,5.0,0.1228588873251097,11849.0,20.0,5.0,0.1641934129609382,11849.0,20.0,5.0,0.07030849930106707,11849.0,20.0,5.0,0.07101158429407775,11849.0,20.0,5.0
0.036457039765985036,7011.0,50.0,6.0,0.24175480172199684,7011.0,50.0,6.0,0.27250289759086016,7011.0,50.0,6.0,0.04241484782638783,7011.0,49.0,5.0,0.11234781485428516,7011.0,49.0,5.0,0.15076006071258866,7011.0,49.0,5.0,0.04833834586466165,7011.0,23.0,4.0,0.2001052631578948,7011.0,23.0,4.0,0.1936691729323308,7011.0,23.0,4.0,0.05338293732924911,7011.0,50.0,6.0,0.2409907346082733,7011.0,50.0,6.0,0.25145569445594285,7011.0,50.0,6.0,0.04379425998459118,7011.0,49.0,5.0,0.08518216083299886,7011.0,49.0,5.0,0.09211151555414078,7011.0,49.0,5.0,0.05659012197477716,7011.0,50.0,6.0,0.2513815299279742,7011.0,50.0,6.0,0.27004080773794736,7011.0,50.0,6.0,0.04379425998459118,7011.0,49.0,5.0,0.08518216083299886,7011.0,49.0,5.0,0.09211151555414078,7011.0,49.0,5.0
0.0893385214007782,20182.0,37.0,25.0,0.776391464525209,20182.0,37.0,25.0,0.7750240086099842,20182.0,37.0,25.0,0.16904340765550682,20182.0,37.0,25.0,0.759986159744232,20182.0,37.0,25.0,0.7589717612648148,20182.0,37.0,25.0,0.10234335839598996,20182.0,24.0,12.0,0.28790225563909777,20182.0,24.0,12.0,0.2453333333333333,20182.0,24.0,12.0,0.09096324199023097,20182.0,37.0,25.0,0.4423571901647487,20182.0,37.0,25.0,0.3902239423793361,20182.0,37.0,25.0,0.1690413777513275,20182.0,37.0,25.0,0.35657020008396423,20182.0,37.0,25.0,0.3590049778786579,20182.0,37.0,25.0,0.0910493418329332,20182.0,37.0,25.0,0.7845388691116814,20182.0,37.0,25.0,0.7915767033694843,20182.0,37.0,25.0,0.1690413777513275,20182.0,37.0,25.0,0.35657020008396423,20182.0,37.0,25.0,0.35900497787865787,20182.0,37.0,25.0
0.0321813684907691,13026.0,17.0,2.0,0.06722152082126004,13026.0,17.0,2.0,0.10808272621905787,13026.0,17.0,2.0,0.32283549933336103,13026.0,16.0,2.0,0.06840315742368253,13026.0,16.0,2.0,0.08994551552646028,13026.0,16.0,2.0,0.15213533834586465,13026.0,8.0,2.0,0.3045714285714285,13026.0,8.0,2.0,0.31261654135338346,13026.0,8.0,2.0,0.025289241659077737,13026.0,17.0,2.0,0.12385131219471812,13026.0,17.0,2.0,0.1881338480006623,13026.0,17.0,2.0,0.32364976771437404,13026.0,16.0,2.0,0.0946050683016622,13026.0,16.0,2.0,0.1428129858506452,13026.0,16.0,2.0,0.02023398046195877,13026.0,17.0,2.0,0.14780300521566356,13026.0,17.0,2.0,0.2395039945359715,13026.0,17.0,2.0,0.32364976771437404,13026.0,16.0,2.0,0.0946050683016622,13026.0,16.0,2.0,0.1428129858506452,13026.0,16.0,2.0
0.083433061216042,33313.0,93.0,28.0,0.2988722679857604,33313.0,93.0,28.0,0.3354728321289605,33313.0,93.0,28.0,0.2550186009488737,33313.0,88.0,26.0,0.25018267363221897,33313.0,88.0,26.0,0.2656718716674705,33313.0,88.0,26.0,0.17543024227234755,33313.0,30.0,18.0,0.3076942355889725,33313.0,30.0,18.0,0.3181203007518797,33313.0,30.0,18.0,0.07058368715480233,33313.0,93.0,28.0,0.19542494796163354,33313.0,93.0,28.0,0.21086182631012496,33313.0,93.0,28.0,0.2525710049480689,33313.0,88.0,26.0,0.11667850185974,33313.0,88.0,26.0,0.13136957847904107,33313.0,88.0,26.0,0.06870967765780044,33313.0,93.0,28.0,0.3080120604827741,33313.0,93.0,28.0,0.3392500487859686,33313.0,93.0,28.0,0.2525710049480689,33313.0,88.0,26.0,0.11667850185974,33313.0,88.0,26.0,0.13136957847904107,33313.0,88.0,26.0
0.08889567293098212,7100.0,65.0,6.0,0.4062206791401054,7100.0,65.0,6.0,0.4502011066037476,7100.0,65.0,6.0,0.33996808832455794,7100.0,60.0,7.0,0.3280885354570876,7100.0,60.0,7.0,0.33457632011325283,7100.0,60.0,7.0,0.0394812030075188,7100.0,40.0,4.0,0.1634812030075188,7100.0,40.0,4.0,0.14694736842105266,7100.0,40.0,4.0,0.10849063112288544,7100.0,65.0,6.0,0.07644120650164198,7100.0,65.0,6.0,0.08728992466263763,7100.0,65.0,6.0,0.3417719349929777,7100.0,60.0,7.0,0.08196924431544447,7100.0,60.0,7.0,0.09550896881526752,7100.0,60.0,7.0,0.1108190523498082,7100.0,65.0,6.0,0.39836872533598255,7100.0,65.0,6.0,0.42504380881419546,7100.0,65.0,6.0,0.3417719349929777,7100.0,60.0,7.0,0.08196924431544447,7100.0,60.0,7.0,0.09550896881526752,7100.0,60.0,7.0
0.10887313282793044,18274.0,23.0,35.0,0.5326289427932775,18274.0,23.0,35.0,0.5274908932858681,18274.0,23.0,35.0,0.2409183573564291,18274.0,23.0,36.0,0.4905073786504315,18274.0,23.0,36.0,0.482740304003781,18274.0,23.0,36.0,0.2299729323308271,18274.0,12.0,20.0,0.4361203007518797,18274.0,12.0,20.0,0.459239097744361,18274.0,12.0,20.0,0.11411496339573995,18274.0,23.0,35.0,0.3967526285288517,18274.0,23.0,35.0,0.3313291663217154,18274.0,23.0,35.0,0.2411790155067251,18274.0,23.0,36.0,0.34115653790615386,18274.0,23.0,36.0,0.28992900973995184,18274.0,23.0,36.0,0.11193437843719324,18274.0,23.0,35.0,0.507110185327546,18274.0,23.0,35.0,0.5095830425886722,18274.0,23.0,35.0,0.2411790155067251,18274.0,23.0,36.0,0.34115653790615386,18274.0,23.0,36.0,0.28992900973995184,18274.0,23.0,36.0
0.04702764094709827,25817.0,81.0,24.0,0.5688850484311615,25817.0,81.0,24.0,0.5947852850677484,25817.0,81.0,24.0,0.1294410923612419,25817.0,79.0,23.0,0.5552588258207823,25817.0,79.0,23.0,0.5788534531538433,25817.0,79.0,23.0,0.1081609907120743,25817.0,45.0,17.0,0.1948766032728881,25817.0,45.0,17.0,0.21587262273330385,25817.0,45.0,17.0,0.055330187377542285,25817.0,81.0,24.0,0.19834807137732152,25817.0,81.0,24.0,0.19856948698843724,25817.0,81.0,24.0,0.13083554827571475,25817.0,79.0,23.0,0.14125886553629888,25817.0,79.0,23.0,0.1490731942929204,25817.0,79.0,23.0,0.05528577489858432,25817.0,81.0,24.0,0.5819104092502139,25817.0,81.0,24.0,0.6028306271904407,25817.0,81.0,24.0,0.13083554827571475,25817.0,79.0,23.0,0.14125886553629888,25817.0,79.0,23.0,0.1490731942929204,25817.0,79.0,23.0
0.07357517402326574,31623.0,48.0,74.0,0.2821529100091067,31623.0,48.0,74.0,0.3142660340819336,31623.0,48.0,74.0,0.11925150899311142,31623.0,48.0,74.0,0.2646678344850047,31623.0,48.0,74.0,0.27671409385663465,31623.0,48.0,74.0,0.20059442724458204,31623.0,33.0,51.0,0.29319770013268465,31623.0,33.0,51.0,0.29768538994545185,31623.0,33.0,51.0,0.0906857137582984,31623.0,48.0,74.0,0.1264177498137263,31623.0,48.0,74.0,0.13867069942697066,31623.0,48.0,74.0,0.12084569448969545,31623.0,48.0,74.0,0.11663364331765645,31623.0,48.0,74.0,0.12622144932914034,31623.0,48.0,74.0,0.08974868154022057,31623.0,48.0,74.0,0.29382291524490795,31623.0,48.0,74.0,0.32457157049424623,31623.0,48.0,74.0,0.12084569448969545,31623.0,48.0,74.0,0.11663364331765645,31623.0,48.0,74.0,0.12622144932914037,31623.0,48.0,74.0
0.3587709040483484,8767.0,26.0,10.0,0.27408777630598563,8767.0,26.0,10.0,0.2686066727378094,8767.0,26.0,10.0,0.5775787856559589,8767.0,25.0,10.0,0.2770450131251759,8767.0,25.0,10.0,0.2726101338352733,8767.0,25.0,10.0,0.4558453276047261,8767.0,12.0,7.0,0.2767862513426423,8767.0,12.0,7.0,0.2434629430719656,8767.0,12.0,7.0,0.35201072108618264,8767.0,26.0,10.0,0.2910226426028645,8767.0,26.0,10.0,0.3455604768606673,8767.0,26.0,10.0,0.5778675856596497,8767.0,25.0,10.0,0.3166968845584266,8767.0,25.0,10.0,0.3357000170696488,8767.0,25.0,10.0,0.3529591646659492,8767.0,26.0,10.0,0.31360884593095456,8767.0,26.0,10.0,0.3378611640036427,8767.0,26.0,10.0,0.5778675856596497,8767.0,25.0,10.0,0.3166968845584266,8767.0,25.0,10.0,0.3357000170696488,8767.0,25.0,10.0
0.12164707343323122,3350.0,3.0,16.0,0.2290914241659077,3350.0,3.0,16.0,0.26058299786820105,3350.0,3.0,16.0,0.2866423654842475,3350.0,3.0,16.0,0.2229829557250218,3350.0,3.0,16.0,0.2354844550860633,3350.0,3.0,16.0,0.3095669172932331,3350.0,2.0,10.0,0.4224481203007519,3350.0,2.0,10.0,0.4245473684210527,3350.0,2.0,10.0,0.1255947175883765,3350.0,3.0,16.0,0.2507926333926649,3350.0,3.0,16.0,0.27764321084112925,3350.0,3.0,16.0,0.2870030771501991,3350.0,3.0,16.0,0.2464052819029429,3350.0,3.0,16.0,0.26731502498166165,3350.0,3.0,16.0,0.12560765326185944,3350.0,3.0,16.0,0.2580430783798328,3350.0,3.0,16.0,0.2965280005588211,3350.0,3.0,16.0,0.2870030771501991,3350.0,3.0,16.0,0.2464052819029429,3350.0,3.0,16.0,0.26731502498166165,3350.0,3.0,16.0
0.11029407960096034,8820.0,217.0,8.0,0.6838935342329663,8820.0,217.0,8.0,0.6783046765046775,8820.0,217.0,8.0,0.10065820302073468,8820.0,212.0,7.0,0.7254930261587426,8820.0,212.0,7.0,0.7245716605604777,8820.0,212.0,7.0,0.2588872180451128,8820.0,84.0,2.0,0.062270676691729324,8820.0,84.0,2.0,0.05463157894736842,8820.0,84.0,2.0,0.10958391112674892,8820.0,217.0,8.0,0.43109942876065904,8820.0,217.0,8.0,0.4293143058200182,8820.0,217.0,8.0,0.10129815008505166,8820.0,212.0,7.0,0.3630832926363908,8820.0,212.0,7.0,0.3665268800834106,8820.0,212.0,7.0,0.11026174041725308,8820.0,217.0,8.0,0.7179990841543175,8820.0,217.0,8.0,0.7257850660236774,8820.0,217.0,8.0,0.10129815008505166,8820.0,212.0,7.0,0.3630832926363908,8820.0,212.0,7.0,0.3665268800834106,8820.0,212.0,7.0
0.523417264910766,19443.0,13.0,14.0,0.34771164240180713,19443.0,13.0,14.0,0.354224569205114,19443.0,13.0,14.0,0.6192226247725674,19443.0,13.0,13.0,0.2925489386120779,19443.0,13.0,13.0,0.3429384708362744,19443.0,13.0,13.0,0.40858947368421056,19443.0,7.0,15.0,0.4085172932330827,19443.0,7.0,15.0,0.4056741854636591,19443.0,7.0,15.0,0.528503202133573,19443.0,13.0,14.0,0.3500785010585077,19443.0,13.0,14.0,0.3595111941622415,19443.0,13.0,14.0,0.6190153758144015,19443.0,13.0,13.0,0.2463640051145068,19443.0,13.0,13.0,0.2579653333532065,19443.0,13.0,13.0,0.5246509585703641,19443.0,13.0,14.0,0.4010912534150178,19443.0,13.0,14.0,0.42394415337125824,19443.0,13.0,14.0,0.6190153758144015,19443.0,13.0,13.0,0.2463640051145068,19443.0,13.0,13.0,0.25796533335320654,19443.0,13.0,13.0
7.761404089742528e-06,32182.0,4.0,2.0,0.9999870643265172,32182.0,4.0,2.0,0.9999870643265172,32182.0,4.0,2.0,9.226837178617728e-06,32182.0,4.0,2.0,0.9999884664535268,32182.0,4.0,2.0,0.9999884664535268,32182.0,4.0,2.0,4.511278195488722e-05,32182.0,3.0,2.0,0.9999548872180452,32182.0,3.0,2.0,0.9999548872180452,32182.0,3.0,2.0,5.174269393161686e-06,32182.0,4.0,2.0,0.9999896514612135,32182.0,4.0,2.0,0.9999922385959102,32182.0,4.0,2.0,1.1533546473272161e-05,32182.0,4.0,2.0,0.9999907731628214,32182.0,4.0,2.0,0.999993079872116,32182.0,4.0,2.0,5.174269393161686e-06,32182.0,4.0,2.0,0.9999896514612135,32182.0,4.0,2.0,0.9999896514612135,32182.0,4.0,2.0,1.1533546473272161e-05,32182.0,4.0,2.0,0.9999907731628214,32182.0,4.0,2.0,0.999993079872116,32182.0,4.0,2.0
0.0906127638110832,3056.0,164.0,27.0,0.8152941054723073,3056.0,164.0,27.0,0.8196878267455302,3056.0,164.0,27.0,0.11862790779929168,3056.0,162.0,27.0,0.7732005830677628,3056.0,162.0,27.0,0.7766317704267224,3056.0,162.0,27.0,0.09366058002148228,3056.0,67.0,14.0,0.3227883995703545,3056.0,67.0,14.0,0.30768635875402794,3056.0,67.0,14.0,0.09078523945752193,3056.0,164.0,27.0,0.4094995369987092,3056.0,164.0,27.0,0.3993587355465408,3056.0,164.0,27.0,0.11905644312603192,3056.0,162.0,27.0,0.27763023381659746,3056.0,162.0,27.0,0.3021114249944425,3056.0,162.0,27.0,0.0905939831295821,3056.0,164.0,27.0,0.8107102777087876,3056.0,164.0,27.0,0.8156515133396498,3056.0,164.0,27.0,0.11905644312603192,3056.0,162.0,27.0,0.27763023381659746,3056.0,162.0,27.0,0.30211142499444255,3056.0,162.0,27.0
0.19523617952645086,39917.0,11.0,8.0,0.02783045471479427,39917.0,11.0,8.0,0.049442084402682336,39917.0,11.0,8.0,0.30888971161520395,39917.0,11.0,8.0,0.031069644167024207,39917.0,11.0,8.0,0.04466250536309911,39917.0,11.0,8.0,0.4567117794486215,39917.0,8.0,6.0,0.037588972431077686,39917.0,8.0,6.0,0.03627568922305765,39917.0,8.0,6.0,0.1889500889974336,39917.0,11.0,8.0,0.03998998778872423,39917.0,11.0,8.0,0.06565695111350278,39917.0,11.0,8.0,0.3087466956389354,39917.0,11.0,8.0,0.039173113919145235,39917.0,11.0,8.0,0.05675485216300132,39917.0,11.0,8.0,0.1890781521649143,39917.0,11.0,8.0,0.05042196166901233,39917.0,11.0,8.0,0.07964752876893783,39917.0,11.0,8.0,0.3087466956389354,39917.0,11.0,8.0,0.039173113919145235,39917.0,11.0,8.0,0.05675485216300131,39917.0,11.0,8.0
0.03839307889725972,4586.0,3.0,3.0,0.7443514225791319,4586.0,3.0,3.0,0.7442375886524824,4586.0,3.0,3.0,0.18670966372791906,4586.0,3.0,3.0,0.8860316449759104,4586.0,3.0,3.0,0.8965071807860343,4586.0,3.0,3.0,,4586.0,0.0,0.0,,4586.0,0.0,0.0,,4586.0,0.0,0.0,0.03839307889725972,4586.0,3.0,3.0,0.8321242790517979,4586.0,3.0,3.0,0.8408360239534178,4586.0,3.0,3.0,0.18671120153411547,4586.0,3.0,3.0,0.8224910307453593,4586.0,3.0,3.0,0.8162629156497924,4586.0,3.0,3.0,0.03839307889725972,4586.0,3.0,3.0,0.8070445953031431,4586.0,3.0,3.0,0.8260600353230123,4586.0,3.0,3.0,0.18671120153411547,4586.0,3.0,3.0,0.8224910307453593,4586.0,3.0,3.0,0.8162629156497924,4586.0,3.0,3.0
0.023069480089411367,8952.0,11.0,4.0,0.2552919840218561,8952.0,11.0,4.0,0.26529902102823083,8952.0,11.0,4.0,0.1615192448756453,8952.0,11.0,4.0,0.2534888978081648,8952.0,11.0,4.0,0.2538856518068454,8952.0,11.0,4.0,0.4292431077694236,8952.0,5.0,3.0,0.2352581453634085,8952.0,5.0,3.0,0.251468671679198,8952.0,5.0,3.0,0.020901461213676628,8952.0,11.0,4.0,0.1066455728951072,8952.0,11.0,4.0,0.06901440516599057,8952.0,11.0,4.0,0.16101638224941064,8952.0,11.0,4.0,0.09467772964444383,8952.0,11.0,4.0,0.053401473525897435,8952.0,11.0,4.0,0.018869266909512367,8952.0,11.0,4.0,0.25695292449706103,8952.0,11.0,4.0,0.26804655807599964,8952.0,11.0,4.0,0.16101638224941064,8952.0,11.0,4.0,0.09467772964444383,8952.0,11.0,4.0,0.05340147352589743,8952.0,11.0,4.0
0.2555424704031791,21295.0,35.0,25.0,0.1494345558407153,21295.0,35.0,25.0,0.14683934928388112,21295.0,35.0,25.0,0.5427784774795972,21295.0,34.0,25.0,0.17019177981075756,21295.0,34.0,25.0,0.16042055923860138,21295.0,34.0,25.0,0.2530025062656642,21295.0,8.0,12.0,0.2220501253132832,21295.0,8.0,12.0,0.2302756892230577,21295.0,8.0,12.0,0.2552535392002649,21295.0,35.0,25.0,0.254664086430996,21295.0,35.0,25.0,0.30945214835665197,21295.0,35.0,25.0,0.5427836445084172,21295.0,34.0,25.0,0.25158558583495955,21295.0,34.0,25.0,0.2822142563861247,21295.0,34.0,25.0,0.2541387946022022,21295.0,35.0,25.0,0.22884613792532496,21295.0,35.0,25.0,0.2607943538372382,21295.0,35.0,25.0,0.5427836445084172,21295.0,34.0,25.0,0.25158558583495955,21295.0,34.0,25.0,0.2822142563861247,21295.0,34.0,25.0
0.2800436896492033,23423.0,59.0,66.0,0.28357716685858503,23423.0,59.0,66.0,0.2966469009575848,23423.0,59.0,66.0,0.389644790534719,23423.0,59.0,66.0,0.2784566493132227,23423.0,59.0,66.0,0.2853447628681875,23423.0,59.0,66.0,0.2683826232247285,23423.0,42.0,36.0,0.2550827067669173,23423.0,42.0,36.0,0.2511512113617377,23423.0,42.0,36.0,0.31209977810224104,23423.0,59.0,66.0,0.24382364710102936,23423.0,59.0,66.0,0.2508440330952542,23423.0,59.0,66.0,0.3896560444800656,23423.0,59.0,66.0,0.2281121597551365,23423.0,59.0,66.0,0.23552711173294394,23423.0,59.0,66.0,0.3060368671398144,23423.0,59.0,66.0,0.3087247432935197,23423.0,59.0,66.0,0.32373882671403165,23423.0,59.0,66.0,0.3896560444800656,23423.0,59.0,66.0,0.2281121597551365,23423.0,59.0,66.0,0.23552711173294402,23423.0,59.0,66.0
0.2393346367185261,10135.0,17.0,13.0,0.3945113738401676,10135.0,17.0,13.0,0.4309764403573907,10135.0,17.0,13.0,0.3954249792484883,10135.0,17.0,13.0,0.4199935625066761,10135.0,17.0,13.0,0.4626889771589646,10135.0,17.0,13.0,0.15851294903926486,10135.0,11.0,9.0,0.6480802005012531,10135.0,11.0,9.0,0.5913182957393484,10135.0,11.0,9.0,0.2389218892292408,10135.0,17.0,13.0,0.4210135836512192,10135.0,17.0,13.0,0.4258845612537971,10135.0,17.0,13.0,0.39497215447003,10135.0,17.0,13.0,0.3980674034651032,10135.0,17.0,13.0,0.4053906731581015,10135.0,17.0,13.0,0.2386392945162297,10135.0,17.0,13.0,0.4390287975953179,10135.0,17.0,13.0,0.4647433243964413,10135.0,17.0,13.0,0.39497215447003,10135.0,17.0,13.0,0.3980674034651032,10135.0,17.0,13.0,0.4053906731581015,10135.0,17.0,13.0
5.174269393161686e-06,25246.0,70.0,1.0,0.9999948257306068,25246.0,70.0,1.0,0.9999948257306068,25246.0,70.0,1.0,6.920127883963296e-05,25246.0,62.0,1.0,0.9999815463256428,25246.0,62.0,1.0,0.9999815463256428,25246.0,62.0,1.0,0.000481203007518797,25246.0,28.0,1.0,0.3893533834586466,25246.0,28.0,1.0,0.4169624060150376,25246.0,28.0,1.0,7.24397715042636e-05,25246.0,70.0,1.0,0.9999482573060684,25246.0,70.0,1.0,0.999974128653034,25246.0,70.0,1.0,9.688179037548614e-05,25246.0,62.0,1.0,0.9999769329070536,25246.0,62.0,1.0,0.9999769329070536,25246.0,62.0,1.0,6.209123271794024e-05,25246.0,70.0,1.0,0.9999948257306068,25246.0,70.0,1.0,0.9999948257306068,25246.0,70.0,1.0,9.688179037548614e-05,25246.0,62.0,1.0,0.9999769329070536,25246.0,62.0,1.0,0.9999769329070535,25246.0,62.0,1.0
0.2867476612302343,34885.0,5.0,11.0,0.3584145850424102,34885.0,5.0,11.0,0.35676258194161165,34885.0,5.0,11.0,0.1677044761484162,34885.0,4.0,11.0,0.363166633743634,34885.0,4.0,11.0,0.3614252779270149,34885.0,4.0,11.0,0.30268671679197995,34885.0,4.0,6.0,0.4743057644110276,34885.0,4.0,6.0,0.4900701754385965,34885.0,4.0,6.0,0.2900963543038632,34885.0,5.0,11.0,0.3747699802060676,34885.0,5.0,11.0,0.3617698635498122,34885.0,5.0,11.0,0.16759333470058285,34885.0,4.0,11.0,0.30506104601297884,34885.0,4.0,11.0,0.3034329286526427,34885.0,4.0,11.0,0.28905914848459763,34885.0,5.0,11.0,0.3767606627580549,34885.0,5.0,11.0,0.3946805688309538,34885.0,5.0,11.0,0.16759333470058285,34885.0,4.0,11.0,0.30506104601297884,34885.0,4.0,11.0,0.3034329286526427,34885.0,4.0,11.0
0.1233944085276977,26606.0,48.0,33.0,0.7507447812005308,26606.0,48.0,33.0,0.7553603862952732,26606.0,48.0,33.0,0.184839479281853,26606.0,40.0,29.0,0.7350041226463014,26606.0,40.0,29.0,0.7421639892135092,26606.0,40.0,29.0,0.2256374269005848,26606.0,10.0,9.0,0.7540384294068504,26606.0,10.0,9.0,0.7569423558897242,26606.0,10.0,9.0,0.12304302859708935,26606.0,48.0,33.0,0.5174040470940049,26606.0,48.0,33.0,0.4683298650048794,26606.0,48.0,33.0,0.1848020946829396,26606.0,40.0,29.0,0.398724882918595,26606.0,40.0,29.0,0.4059055894111544,26606.0,40.0,29.0,0.12282900199946314,26606.0,48.0,33.0,0.7628422230417429,26606.0,48.0,33.0,0.7714271199452092,26606.0,48.0,33.0,0.1848020946829396,26606.0,40.0,29.0,0.398724882918595,26606.0,40.0,29.0,0.4059055894111544,26606.0,40.0,29.0
0.009606944234768171,29165.0,237.0,68.0,0.7894247369036198,29165.0,237.0,68.0,0.7945512964892886,29165.0,237.0,68.0,0.02727439501121196,29165.0,236.0,68.0,0.7890404442125071,29165.0,236.0,68.0,0.7926023425854087,29165.0,236.0,68.0,0.07793637941006362,29165.0,141.0,52.0,0.2694343551185657,29165.0,141.0,52.0,0.27635916714864084,29165.0,141.0,52.0,0.02356377500085224,29165.0,237.0,68.0,0.14183090913739452,29165.0,237.0,68.0,0.1689067955810522,29165.0,237.0,68.0,0.031253061478144745,29165.0,236.0,68.0,0.09409616752462684,29165.0,236.0,68.0,0.1162938346002595,29165.0,236.0,68.0,0.02375895148605017,29165.0,237.0,68.0,0.7933997932727194,29165.0,237.0,68.0,0.8021742888727641,29165.0,237.0,68.0,0.031253061478144745,29165.0,236.0,68.0,0.09409616752462684,29165.0,236.0,68.0,0.1162938346002595,29165.0,236.0,68.0
0.11962194399689224,9069.0,38.0,13.0,0.4793319779400995,9069.0,38.0,13.0,0.4938151559922816,9069.0,38.0,13.0,0.2048599170933192,9069.0,38.0,13.0,0.486669172107839,9069.0,38.0,13.0,0.4938849136598711,9069.0,38.0,13.0,0.4379248120300752,9069.0,23.0,5.0,0.19604210526315788,9069.0,23.0,5.0,0.19480902255639096,9069.0,23.0,5.0,0.1279473434504894,9069.0,38.0,13.0,0.3615671986346297,9069.0,38.0,13.0,0.3716745368630872,9069.0,38.0,13.0,0.204707674279872,9069.0,38.0,13.0,0.3371869573688183,9069.0,38.0,13.0,0.3220077455749331,9069.0,38.0,13.0,0.1241788832493775,9069.0,38.0,13.0,0.5152422035700867,9069.0,38.0,13.0,0.5346453157737204,9069.0,38.0,13.0,0.204707674279872,9069.0,38.0,13.0,0.3371869573688183,9069.0,38.0,13.0,0.3220077455749331,9069.0,38.0,13.0
0.004200644369015095,41816.0,32.0,6.0,0.6675437053288076,41816.0,32.0,6.0,0.6716606990092998,41816.0,32.0,6.0,0.003989838176653949,41816.0,32.0,6.0,0.6673210032032504,41816.0,32.0,6.0,0.667503233237528,41816.0,32.0,6.0,0.009543859649122806,41816.0,15.0,6.0,0.21277192982456145,41816.0,15.0,6.0,0.16873684210526316,41816.0,15.0,6.0,0.02135248502911389,41816.0,32.0,6.0,0.07966650109004607,41816.0,32.0,6.0,0.03884065319976819,41816.0,32.0,6.0,0.00480948887935449,41816.0,32.0,6.0,0.0645332681303506,41816.0,32.0,6.0,0.022010620089592592,41816.0,32.0,6.0,0.02066085768689461,41816.0,32.0,6.0,0.6679852429836907,41816.0,32.0,6.0,0.6705249468775009,41816.0,32.0,6.0,0.00480948887935449,41816.0,32.0,6.0,0.0645332681303506,41816.0,32.0,6.0,0.02201062008959259,41816.0,32.0,6.0
0.06855130805530259,39552.0,159.0,6.0,0.2737050528465381,39552.0,159.0,6.0,0.2845882661368215,39552.0,159.0,6.0,0.2537126486097463,39552.0,158.0,6.0,0.29070380776192306,39552.0,158.0,6.0,0.29778848090890503,39552.0,158.0,6.0,0.14086015037593985,39552.0,86.0,5.0,0.0382796992481203,39552.0,86.0,5.0,0.0508812030075188,39552.0,86.0,5.0,0.14351439826696472,39552.0,159.0,6.0,0.1652834119822281,39552.0,159.0,6.0,0.16285926677153184,39552.0,159.0,6.0,0.25949941332693605,39552.0,158.0,6.0,0.1355414692507962,39552.0,158.0,6.0,0.13566526264960932,39552.0,158.0,6.0,0.13858935618290694,39552.0,159.0,6.0,0.2869253111460662,39552.0,159.0,6.0,0.28675111074316306,39552.0,159.0,6.0,0.25949941332693605,39552.0,158.0,6.0,0.1355414692507962,39552.0,158.0,6.0,0.13566526264960932,39552.0,158.0,6.0
0.01916031956287772,44125.0,34.0,6.0,0.18267240665618006,44125.0,34.0,6.0,0.18510345089273395,44125.0,34.0,6.0,0.005213163005919016,44125.0,34.0,6.0,0.19267250725460072,44125.0,34.0,6.0,0.20973984932574888,44125.0,34.0,6.0,0.007615037593984963,44125.0,32.0,5.0,0.2122827067669173,44125.0,32.0,5.0,0.17907969924812028,44125.0,32.0,5.0,0.019319859535833542,44125.0,34.0,6.0,0.10598111046720204,44125.0,34.0,6.0,0.12190492452465712,44125.0,34.0,6.0,0.00481025778245271,44125.0,34.0,6.0,0.09580532603798074,44125.0,34.0,6.0,0.11016228468790992,44125.0,34.0,6.0,0.02793243094075117,44125.0,34.0,6.0,0.1974242486960841,44125.0,34.0,6.0,0.22137335458233293,44125.0,34.0,6.0,0.00481025778245271,44125.0,34.0,6.0,0.09580532603798074,44125.0,34.0,6.0,0.11016228468790992,44125.0,34.0,6.0
0.0893385214007782,20182.0,37.0,25.0,0.776391464525209,20182.0,37.0,25.0,0.7750240086099842,20182.0,37.0,25.0,0.16904340765550682,20182.0,37.0,25.0,0.759986159744232,20182.0,37.0,25.0,0.7589717612648148,20182.0,37.0,25.0,0.08241353383458648,20182.0,24.0,12.0,0.2883934837092732,20182.0,24.0,12.0,0.24512280701754385,20182.0,24.0,12.0,0.09096324199023097,20182.0,37.0,25.0,0.4423571901647487,20182.0,37.0,25.0,0.3902239423793361,20182.0,37.0,25.0,0.1690413777513275,20182.0,37.0,25.0,0.35657020008396423,20182.0,37.0,25.0,0.3590049778786579,20182.0,37.0,25.0,0.0910493418329332,20182.0,37.0,25.0,0.7845388691116814,20182.0,37.0,25.0,0.7915767033694843,20182.0,37.0,25.0,0.1690413777513275,20182.0,37.0,25.0,0.35657020008396423,20182.0,37.0,25.0,0.35900497787865787,20182.0,37.0,25.0
0.08060315164748738,44652.0,31.0,16.0,0.6969259018751552,44652.0,31.0,16.0,0.7064860113626956,44652.0,31.0,16.0,0.14393318155186174,44652.0,29.0,16.0,0.6873538122984513,44652.0,29.0,16.0,0.6888401981001943,44652.0,29.0,16.0,0.035280508964719494,44652.0,23.0,13.0,0.3103204164256796,44652.0,23.0,13.0,0.12200347021399653,44652.0,23.0,13.0,0.0809462703866214,44652.0,31.0,16.0,0.2239100401523305,44652.0,31.0,16.0,0.1601349061387532,44652.0,31.0,16.0,0.14369184209190852,44652.0,29.0,16.0,0.28994124811426514,44652.0,29.0,16.0,0.1857936117992794,44652.0,29.0,16.0,0.08086994991307228,44652.0,31.0,16.0,0.6892291761528272,44652.0,31.0,16.0,0.6912051002773408,44652.0,31.0,16.0,0.14369184209190852,44652.0,29.0,16.0,0.28994124811426514,44652.0,29.0,16.0,0.1857936117992794,44652.0,29.0,16.0
0.035547877514694924,32492.0,47.0,8.0,0.16042563540028149,32492.0,47.0,8.0,0.18835052053150086,32492.0,47.0,8.0,0.21058179821829773,32492.0,47.0,8.0,0.15796691256187748,32492.0,47.0,8.0,0.1704421731046923,32492.0,47.0,8.0,0.1801203007518797,32492.0,31.0,6.0,0.32952882205513784,32492.0,31.0,6.0,0.3287619047619048,32492.0,31.0,6.0,0.07753189937080884,32492.0,47.0,8.0,0.07080534915969865,32492.0,47.0,8.0,0.06952730461958771,32492.0,47.0,8.0,0.20844866879806606,32492.0,47.0,8.0,0.05960709820584152,32492.0,47.0,8.0,0.0564492131814596,32492.0,47.0,8.0,0.07556114951568839,32492.0,47.0,8.0,0.16989131447139666,32492.0,47.0,8.0,0.18841325854789304,32492.0,47.0,8.0,0.20844866879806606,32492.0,47.0,8.0,0.059607098205841515,32492.0,47.0,8.0,0.056449213181459595,32492.0,47.0,8.0
0.13060358156840018,34842.0,50.0,34.0,0.7618947322285152,34842.0,50.0,34.0,0.7646270508368924,34842.0,50.0,34.0,0.14682455103198874,34842.0,49.0,35.0,0.7499914651756098,34842.0,49.0,35.0,0.7466854894145111,34842.0,49.0,35.0,0.2598997493734336,34842.0,19.0,15.0,0.5023619047619048,34842.0,19.0,15.0,0.4928822055137844,34842.0,19.0,15.0,0.1298402246485149,34842.0,50.0,34.0,0.4372991166000302,34842.0,50.0,34.0,0.42491267659477067,34842.0,50.0,34.0,0.14697929827267014,34842.0,49.0,35.0,0.39635223582741336,34842.0,49.0,35.0,0.3910938613193191,34842.0,49.0,35.0,0.1298950110303249,34842.0,50.0,34.0,0.7471208234514933,34842.0,50.0,34.0,0.7461413646922466,34842.0,50.0,34.0,0.14697929827267014,34842.0,49.0,35.0,0.39635223582741336,34842.0,49.0,35.0,0.39109386131931906,34842.0,49.0,35.0
0.016227155600629192,26421.0,61.0,8.0,0.26380042325523634,26421.0,61.0,8.0,0.3479625020697077,26421.0,61.0,8.0,0.019639899612011496,26421.0,61.0,8.0,0.2531267444489041,26421.0,61.0,8.0,0.25429682273861753,26421.0,61.0,8.0,0.2571804511278196,26421.0,58.0,4.0,0.2292406015037594,26421.0,58.0,4.0,0.23260902255639104,26421.0,58.0,4.0,0.02791971086182631,26421.0,61.0,8.0,0.06810955480586141,26421.0,61.0,8.0,0.04356540793939896,26421.0,61.0,8.0,0.02425793161990967,26421.0,61.0,8.0,0.053352455953386016,26421.0,61.0,8.0,0.03653654519535522,26421.0,61.0,8.0,0.02732919736733173,26421.0,61.0,8.0,0.26985755236360626,26421.0,61.0,8.0,0.30378006250517425,26421.0,61.0,8.0,0.02425793161990967,26421.0,61.0,8.0,0.053352455953386016,26421.0,61.0,8.0,0.03653654519535521,26421.0,61.0,8.0
4.7861991886745584e-05,33715.0,20.0,4.0,0.9999508444407652,33715.0,20.0,4.0,0.9999508444407652,33715.0,20.0,4.0,0.14819407729321504,33715.0,20.0,5.0,0.8736476916760089,33715.0,20.0,5.0,0.8801950553379561,33715.0,20.0,5.0,,33715.0,8.0,0.0,,33715.0,8.0,0.0,,33715.0,8.0,0.0,2.4577779617518013e-05,33715.0,20.0,4.0,0.7074067079228413,33715.0,20.0,4.0,0.7867618904710655,33715.0,20.0,4.0,0.14818946387462575,33715.0,20.0,5.0,0.4987271578112097,33715.0,20.0,5.0,0.4651267075415553,33715.0,20.0,5.0,2.587134696580843e-05,33715.0,20.0,4.0,0.9999495508734166,33715.0,20.0,4.0,0.9999495508734166,33715.0,20.0,4.0,0.14818946387462575,33715.0,20.0,5.0,0.4987271578112097,33715.0,20.0,5.0,0.46512670754155533,33715.0,20.0,5.0
0.25005964026300537,36955.0,28.0,38.0,0.3097644454708258,36955.0,28.0,38.0,0.3286394993921595,36955.0,28.0,38.0,0.3995806888125327,36955.0,27.0,38.0,0.3211889945199872,36955.0,27.0,38.0,0.3223608028416716,36955.0,27.0,38.0,0.4036390977443609,36955.0,13.0,30.0,0.29414335839599,36955.0,13.0,30.0,0.3091578947368421,36955.0,13.0,30.0,0.24867416155049435,36955.0,28.0,38.0,0.16813992640554945,36955.0,28.0,38.0,0.18630419911024354,36955.0,28.0,38.0,0.3995110019106837,36955.0,27.0,38.0,0.19098581713719887,36955.0,27.0,38.0,0.19797903128407707,36955.0,27.0,38.0,0.2480074977886807,36955.0,28.0,38.0,0.3211663565736097,36955.0,28.0,38.0,0.3496196639666058,36955.0,28.0,38.0,0.3995110019106837,36955.0,27.0,38.0,0.19098581713719892,36955.0,27.0,38.0,0.19797903128407707,36955.0,27.0,38.0
0.014755464028479178,12124.0,10.0,10.0,0.5030595454921766,12124.0,10.0,10.0,0.5102605762066397,12124.0,10.0,10.0,0.12796423677909569,12124.0,10.0,10.0,0.5014587629579395,12124.0,10.0,10.0,0.5016073150365152,12124.0,10.0,10.0,0.13497243107769422,12124.0,5.0,6.0,0.29789974937343355,12124.0,5.0,6.0,0.2985263157894737,12124.0,5.0,6.0,0.01432599966884676,12124.0,10.0,10.0,0.5023822336286116,12124.0,10.0,10.0,0.5062572439771504,12124.0,10.0,10.0,0.1277464834216803,12124.0,10.0,10.0,0.5020594300582675,12124.0,10.0,10.0,0.507675805848892,12124.0,10.0,10.0,0.014445007864889475,12124.0,10.0,10.0,0.5033581008361621,12124.0,10.0,10.0,0.5088588666280321,12124.0,10.0,10.0,0.1277464834216803,12124.0,10.0,10.0,0.5020594300582675,12124.0,10.0,10.0,0.507675805848892,12124.0,10.0,10.0
0.1860865004789895,310.0,51.0,56.0,0.4380949485825459,310.0,51.0,56.0,0.4338571295518787,310.0,51.0,56.0,0.3085660698161217,310.0,50.0,55.0,0.4445735083244945,310.0,50.0,55.0,0.4364200039507639,310.0,50.0,55.0,0.31917293233082705,310.0,10.0,22.0,0.2887095010252905,310.0,10.0,22.0,0.2853315105946685,310.0,10.0,22.0,0.1865715882345984,310.0,51.0,56.0,0.4389593287642071,310.0,51.0,56.0,0.4507578641502962,310.0,51.0,56.0,0.3086122878823528,310.0,50.0,55.0,0.4115531744723612,310.0,50.0,55.0,0.4238840874385419,310.0,50.0,55.0,0.18682882334157275,310.0,51.0,56.0,0.4833676806263527,310.0,51.0,56.0,0.4955365458647239,310.0,51.0,56.0,0.3086122878823528,310.0,50.0,55.0,0.4115531744723612,310.0,50.0,55.0,0.4238840874385419,310.0,50.0,55.0
0.16448153289986225,273.0,105.0,39.0,0.3713157875184947,273.0,105.0,39.0,0.3823804982582613,273.0,105.0,39.0,0.4181234718790253,273.0,105.0,39.0,0.36425163666939103,273.0,105.0,39.0,0.36961751565989454,273.0,105.0,39.0,0.34862111801242235,273.0,39.0,23.0,0.2721961425302386,273.0,39.0,23.0,0.2872206603465185,273.0,39.0,23.0,0.1576513646273146,273.0,105.0,39.0,0.3566408961516173,273.0,105.0,39.0,0.3934246445940295,273.0,105.0,39.0,0.4177787667054548,273.0,105.0,39.0,0.2761729587190121,273.0,105.0,39.0,0.25875186207629153,273.0,105.0,39.0,0.1595848166238927,273.0,105.0,39.0,0.4129178421545339,273.0,105.0,39.0,0.4507946881746451,273.0,105.0,39.0,0.4177787667054548,273.0,105.0,39.0,0.2761729587190121,273.0,105.0,39.0,0.25875186207629153,273.0,105.0,39.0
1.0348538786323372e-05,19364.0,4.0,2.0,0.9999896514612135,19364.0,4.0,2.0,0.9999896514612135,19364.0,4.0,2.0,4.613418589308864e-06,19364.0,4.0,2.0,0.9999907731628214,19364.0,4.0,2.0,0.9999907731628214,19364.0,4.0,2.0,3.007518796992481e-05,19364.0,2.0,1.0,0.99993984962406,19364.0,2.0,1.0,0.9999398496240601,19364.0,2.0,1.0,2.587134696580843e-06,19364.0,4.0,2.0,0.9999896514612135,19364.0,4.0,2.0,0.9999896514612135,19364.0,4.0,2.0,2.306709294654432e-06,19364.0,4.0,2.0,0.9999907731628214,19364.0,4.0,2.0,0.9999907731628214,19364.0,4.0,2.0,2.587134696580843e-06,19364.0,4.0,2.0,0.9999896514612135,19364.0,4.0,2.0,0.9999896514612135,19364.0,4.0,2.0,2.306709294654432e-06,19364.0,4.0,2.0,0.9999907731628214,19364.0,4.0,2.0,0.9999907731628214,19364.0,4.0,2.0
